889160812803313664,safely photograph solar eclipse pro .    Photograph;Eclipse http://buff.ly/2unSeoj,2.0
889161247551352832,blair redford amp sean teale interview thegift eclipse amp thunderbird .   Blair;Redford;&;Sean;Teale;Interview; TheGIfted;Eclipse;Thunderbird https://www.youtube.com/watch?v=eD8cUOF0Nlk,2.0
889161685415669764,week today sun 86 2pm jahn room hope lvpl eclipse info .    LVPL;Eclipse ,2.0
889161690994147328,come age way say just get knock eclipse .    eclipse ,2.0
889161703790960640,course alice just tell theyre nineteen able handle easily eclipse . Alice;   eclipse ,2.0
889162421516087296,carbondale il eclipse thanks nasa college town eclipse capital world august .   NASA; eclipse http://sacb.ee/aqpD,1.0
889162699275456514,good sunday morning eclipse eclipseseason 7dc vitality newstart success enthusiasm happiness sunday thesun .    Eclipse;EclipseSeason;7DC;Vitality;NewStarts;Success;Enthusiasm;Happiness;Sunday;TheSun ,2.0
889165501632401408,total solar eclipse come month look like space .    Eclipse http://www.diyphotography.net/total-solar-eclipse-coming-next-month-looks-like-space/?utm_source=dlvr.it&utm_medium=twitter,1.0
889165633157554176,eclipse disney stamp newest thing .    Eclipse;Disney ,2.0
889166099794849793,newmoon leo rise curtain eclipse portal amp set stage .    NEWMOON;Leo;eclipse https://www.instagram.com/p/BW5XyblAiBv/,2.0
889170648916004866,aware unsafe eclipse glass one fine past longer safe .    eclipse https://eclipse2017.nasa.gov/safety,1.0
889171793839140864,field im citizenscientist eclipse know science awesome thetechnologyishere .    citizenscientist;eclipse;science;TheTechnologyIsHere https://twitter.com/NASA/status/889155603863658496,2.0
889172035724816384,exclusive offer verity registry early view simulated greatamericaneclipse 9999 windowless office august21 eclipse .   Verity;Registry; GreatAmericanEclipse;august21;eclipse ,2.0
889174522141659136,just 29 day plan eclipse new version usa eclipse2017 camping amp rv guide 100 campsite .    Eclipse;Eclipse2017 https://goo.gl/qTbHnB,1.0
889182659141922817,thanks eclipse capital world august .    eclipse http://sacb.ee/aqpD,1.0
889184598055374848,final new moon sunday start countdown great american eclipse .    Moon;Countdown;Eclipse http://bit.ly/2upxgFH,2.0
889186401878552576,total solar eclipse 2017 poster solar eclipse science geek poster .    solar;eclipse;science;geek;poster https://www.zazzle.com/z/y0jnn?rf=238020459210592104,2.0
889187761969704960,total solar eclipse august 21 2017 poster solar eclipse poster art nerd geek .    solar;eclipse;posters;art;nerd;geek https://www.redbubble.com/people/scooterbaby/works/27218357-total-solar-eclipse-august-21-2017?asc=t&p=poster,2.0
889187884548444160,nationaleclipse totalsolareclipse tennessee tennessean chattanooga memphis knoxville nashville eclipse .    NationalEclipse;totalsolareclipse;Tennessee;Tennessean;Chattanooga;Memphis;Knoxville;Nashville;Eclipse https://twitter.com/rickyshelton/status/889107927956631557,2.0
889188485155958784,concept room comfortably fit withinstrument observation solar eclipse172448 .    eclipse172448 https://collections.vam.ac.uk/item/O837906/print-schubler-johann-jakob/,2.0
889191030771392513,1990 wellcraft 233 eclipse cutty cabin forsale lodi stockton boat boat delta .    WELLCRAFT;233;ECLIPSE;CUTTY;CABIN;ForSale;Lodi;Stockton;Boat;Boating;Delta http://bit.ly/2vNDTkK,2.0
889193093798481921,eclipse totale soleil du 21 aot pourquous les scientifiques lattendent avec impatience etatsunis .    Eclipse;EtatsUnis http://www.lci.fr/sciences/eclipse-totale-de-soleil-du-21-aout-2017-pourquoi-les-scientifiques-l-attendent-avec-tant-d-impatience-2059364.html,2.0
889195116405063680,weird thing eclipse youve probably notice eclipse eclipse2017 .    eclipses;Eclipse;eclipse2017 http://tinyurl.com/y7kn5xw8,1.0
889198136874475520,eclipse come .    Eclipse ,2.0
889198374192386049,im practically space cadet truly dont 7 mm people likely migrate spot view eclipse .    eclipse ,2.0
889198455876464640,eclipse postmark visible long totalsolareclipse pass postmarkpursuit .    Eclipse;postmarks;totalsolareclipse;PostmarkPursuit http://bit.ly/2unyDom,2.0
889198485077192705,eclipse august 21 divide american nation cut diagonally rectangle .    eclipse ,1.0
889198853664014336,ready eclipse aug 21 meetingprof amp eventprof check meet spot path .    eclipse;Meetingprofs;eventprofs http://bit.ly/2uVQdmw,1.0
889199322939752451,new moon eclipse hope everybody plan busy eclipse2017 eclipseseason .    moon;Eclipse;eclipse2017;eclipseseason ,1.0
889199436982878215,just 29 day plan eclipse new version usa eclipse2017 camping amp rv guide 100 campsite .    Eclipse;Eclipse2017 https://goo.gl/qTbHnB,2.0
889202202987778048,plan month eclipse sun coverage 77 newark amp 786 lewe compute town .    eclipse http://aa.usno.navy.mil/data/docs/Eclipse2017.php;https://twitter.com/NASAGO/status/888877590286524418,1.0
889204705645273088,eclipse surprise ago hear met keith jackson announce solar eclipse tomorrow august 21 . Keith;Jackson;   Eclipse;Mets ,1.0
889206990865661953,youll ask himthe story involve eclipse .    eclipse ,2.0
889208317658226690,total solar eclipse happen aug 21 here need know cross entire .    solar;eclipse http://wapo.st/2uGKksq?tid=ss_tw&utm_term=.c99bdadb38bd,1.0
889209777171173379,world end aug 21st eclipse .    eclipse http://buff.ly/2uoePkY,1.0
889210456660996098,yes episode thesimpson focus problemeclipse .    TheSimpsons ,2.0
889212132662890496,folk different stroke eclipse steampark .    Eclipse;SteamPark ,2.0
889212534938644480,state make emergency preparation eclipse tourism .    eclipse http://fb.me/1nYbUSdhr,2.0
889214448799547392,o sun wont shine bright old kentucky home eclipse2017 eclipse kml .    eclipse2017;eclipse;kml ,1.0
889220215409696769,latest dmsocialmedia daily eclipse .    DMSocialMedia;eclipse http://paper.li/allauremkt/social-media-des-moines?edition_id=b330dfc0-6fc3-11e7-b196-0cc47a0d164b,2.0
889222713679769602,21 aug white buffalo promo day 12 usa state darkness darkest dark lightest light eclipse .   White;Buffalo; eclipse ,1.0
889229959117590529,eclipse predict cause biggest traffic event oregon history oregon life ortraffic marh .    Eclipse;Oregon;ORtraffic http://ht.ly/4SSP30dQFtO,1.0
889230216111034370,huge influx visitor expect solar eclipse interview emergency preparedness expert kmuz .   KMUZ; eclipse http://bit.ly/2trT6qP,2.0
889231239227609088,eclipse bring chaos oregon forest mountain outdoors eclipse .    outdoors;eclipse http://bit.ly/2uU2SX4,1.0
889232109700763648,lot profiteer family ill time eclipse .    Eclipse ,2.0
889236431352279041,25 question solar eclipse answer eclipse .    eclipse http://j.mp/2unZ7pK,2.0
889239852209774592,world note tribe pagan sunworshipper descend alliance nebraska eclipse .    Eclipse https://twitter.com/hkonnath/status/889198593277558784,2.0
889242837174419456,practicewhere greatamericaneclipse totalsolareclipse eclipse .    greatamericaneclipse;totalsolareclipse;eclipse https://www.instagram.com/p/BW56reshp_3/,1.0
889247743016828928,plan set wait eclipse mountain .    eclipse;mountains https://twitter.com/NASA/status/889246216311250947,2.0
889250792275795968,new moon today total solar eclipse moon orbit cross earth sun . Moon;   eclipse ,1.0
889251184804077568,yesterday importculture glad family mitsubishus eclipse 3g .    mitsubishi;eclipse;3g https://www.instagram.com/p/BW5-dS7BIPf/,2.0
889251290403880960,worried eclipse event bring chaos httpstcogaffz6eflq .    eclipse http://www.kgw.com/news/eclipse/eclipse-could-bring-chaos-to-oregons-forests-and-mountains/458361695,1.0
889251301464449024,great biblical american eclipse harbinger portent read prophecy miami denver phoenix utah .    Eclipse;Miami;Denver;Phoenix;Utah http://ow.ly/lxJr30dm6Hb,2.0
889251308900937728,great biblical american eclipse harbinger portent read prophecy miami denver phoenix utah .    Eclipse;Miami;Denver;Phoenix;Utah http://ow.ly/lxJr30dm6Hb,2.0
889251321945214976,great biblical american eclipse harbinger portent read prophecy miami denver phoenix utah .    Eclipse;Miami;Denver;Phoenix;Utah http://ow.ly/lxJr30dm6Hb,2.0
889251998457106437,monday august21 2017 north america treat eclipse sun total solar eclipse 2017 .    Monday;August21;Solar;Eclipse https://eclipse2017.nasa.gov/,1.0
889252298685329409,eclipse .    eclipse ,2.0
889253893389025281,thousand tourist expect area august 21st eclipse excite .    eclipse ,1.0
889257705906479105,dont need reservation just shadow path look real complicated eclipse2017 eclipse tse .    Eclipse2017;Eclipse;TSE ,1.0
889258539209773056,entrate aqu todo lo que debes saber sobre el eclipse solar que se ver en mxico .    Entrate;eclipse http://goo.gl/NfLFoo,2.0
889258837466910722,new moon symbol dark moon emoji normal jrock bracket notopen towheaded eclipse h.    normal;jrock;bracket;notopen;towheaded;eclipse;h http://www.1clickemoji.com/4644,2.0
889263828155990021,algo mas del bang head 2017 alemania eclipsehttpstcohira21dzhb .    EclipsehttpstcohiRa21Dzhb https://www.youtube.com/watch?v=C1Q1tJjZTaY&feature=youtu.be;http://fb.me/28EKWtBXT,2.0
889265128486707200,total solar eclipse come adler eclipse chicago ready .    adler;eclipse;chicago http://ow.ly/90Ps30dAoWC,1.0
889266253558202368,githttpstcoxuni3wmzdqgit eclipse techpjin .    Eclipse;tech_pjin http://tech.pjin.jp/?s=git,2.0
889270654742257664,youre thinking mary peak mt hebo cascade head good place view eclipse knowbeforeyougo .    eclipse;KnowBeforeYouGo http://go.usa.gov/x9uGb,1.0
889270757783724032,unsafe eclipse glass distribute check .    eclipse https://twitter.com/deborahherman/status/889248995171856385,1.0
889271162806702080,photograph lunar eclipse probably special thing photographer .    lunar;eclipse http://buff.ly/2uiY7mS,1.0
889271197531160576,look nerd need help upcome solar eclipse .   NASA; nerds;eclipse https://www.digitaltrends.com/cool-tech/nasa-solar-eclipse-app/,1.0
889272473472032768,see recently post fake ce eclipse glass buy check make sure safe astro eclipse .    astro;eclipse https://twitter.com/wbtv_news/status/889270347652116480,1.0
889272629647028226,think 8th grader citizen scientist eclipse ourbmsa .    eclipse;OurBMSA https://twitter.com/nasa/status/889155603863658496,2.0
889272660248731648,battleground wwebatleground undeadlegion eclipse come .    BattleGround;WWEBatleground;Undeadlegion;ECLIPSE ,2.0
889276199121416192,cool tool eclipse .    eclipse https://twitter.com/astronomymag/status/889274242944167936,2.0
889277560164634627,timeline split amp august eclipse gateway sandra walterjuly 20 2017threadhttpstcomhdnuirq4e . Sandra;Walter;   Eclipse;Gateway https://twitter.com/Starseed52/status/888164477669167104,2.0
889277774501957632,talk lunareclipse passover april 9 eclipse april 15 .    lunareclipse;Passover;eclipse http://ow.ly/v7X2g,2.0
889280833407913984,walk eclipse walker .    Eclipse https://twitter.com/dermuehle/status/889217192700542976,2.0
889282517781577728,ah im get excited fly idaho event eclipse .    eclipse https://twitter.com/washingtonpost/status/889281748198141953,1.0
889283353970524161,use think eclipse sign god displeasedah irony god exist mikepence feeling breath shoulder .    Eclipse;MikePence https://twitter.com/washingtonpost/status/889281748198141953,2.0
889285262622294017,just gt month guide total solar eclipse space .    Eclipse;space https://www.universetoday.com/136440/one-month-guide-total-solar-eclipse/,2.0
889286768377417729,eclipse need ride festival weve partnered lyft ride free discount code howl082117 .    eclipse ,2.0
889287383497224194,vocabulary management fit vorto bigiot eclipse .    bigiot;Eclipse https://projects.eclipse.org/proposals/big-iot,2.0
889288558925803520,want catch total solar eclipse aug 21 live dfw round road trip charter package catch .    eclipse;DFW http://fb.me/tNX5bdUL,1.0
889289049202098176,eclipse paravent aus stoff hellgrau . Stoff;   Eclipse;hellgrau https://goo.gl/7V5qKz,2.0
889289252915294217,excited view plan august eclipse finalize glass lodge amp travel life time moment astronomy .    Eclipse;astronomy ,1.0
889289281344286723,simulation preview eclipse .    eclipse http://trib.al/SJMNGRa,2.0
889292490720894976,reference david levy recent presentation histstm shakespearesunday eclipse . David;Levy;   histSTM;ShakespeareSunday;eclipse https://vimeo.com/222260058;https://twitter.com/ouhoscollection/status/889291573036548096,2.0
889294667413630976,august 21 southcarolina oregon eclipse expect draw hundred thousand missourus .    SouthCarolina;Oregon;Eclipse http://via.fox2now.com/6H2SC,1.0
889296295504093185,free pd solar eclipse dr madhulika guhathakurta guest scientist eclipse scienceaudience preservice . Madhulika;Guhathakurta;   eclipse;scienceAudience http://fb.me/1wENlIcSK,2.0
889297022167040000,great american total solar eclipse solar eclipse astronomy scienct shirt gift .    solar;eclipse;astronomy;scienct;shirts;gifts https://www.redbubble.com/people/scooterbaby/works/27324636-great-american-total-solar-eclipse?asc=t&p=t-shirt,2.0
889297307354660864,use eclipse java build host web app azure uncategorized academic .    Eclipse;Java;web;uncategorized;academic https://goo.gl/fb/dp8JYw,2.0
889297314426359809,use eclipse java build host web app azure uncategorized academic .    Eclipse;Java;web;uncategorized;academic https://goo.gl/fb/Cj5oB3,2.0
889301735570898945,eclipse 1131678 viewshttpstco97htfbos6t choreography ver 172665 viewshttpstcoftda7foiyj .    Eclipse https://youtu.be/_qJEoSa3Ie0;https://youtu.be/TWLBcx21ytU,2.0
889303581735649281,insert stl eclipse caption .    stl;eclipse ,2.0
889306005862981633,askmia por favor jennifer lpez cumpli 48 est mejor que nunca es leo que le depara eclipse leo miastral . Jennifer;López;   askmia;eclipse;Leo;Miastral ,2.0
889306526992748546,know eclipse expert come rescue eclipse2017 .    Eclipse;Eclipse2017 https://twitter.com/hikertn/status/889305675876245504,2.0
889306652570243075,love eclipse webinar donate watch worth .    Eclipse;Webinar;Donate http://fb.me/1blmpam3C,2.0
889309700956844036,nasa doesnt want blind solar eclipse eclipse nasa space .   NASA; eclipse;nasa;space https://www.engadget.com/2017/07/21/nasa-solar-eclipse-safety-glasses/?utm_source=dlvr.it&utm_medium=twitter,1.0
889311183886569474,time run make plan eclipse smoky mountain .    Eclipse http://www.visitmysmokies.com/blog/smoky-mountains/total-solar-eclipse-2017-smoky-mountains/,1.0
889312708129980417,portal open beginning 6 week transformation culminate w eclipse feel .    Portal;Transformation;Eclipse http://fb.me/7NDHWA3Ga,2.0
889315648618344448,know easy source filter sunglass use safely watch eclipse .    Eclipse ,1.0
889315984603000834,eclipse stamp print temperature sensative ink eclipse2017 postage stamp usp .    Eclipse;Eclipse2017;Postage;Stamps;USPS ,2.0
889319713398022144,eclipse ide tip trick ctrlshiftr quickly open filehttpstcoqeu2rzqczoembedded arm .    ECLIPSE;IDE;arm http://bit.ly/1KLpneX,2.0
889320780428980224,experience 2017 great american eclipse northern virginia fairfax virginia thingstodo solar eclipse httpstcorjxutbe4qp .    fairfax;Virginia;thingstodo;solar;eclipse http://crwd.fr/2unvhlf,1.0
889321631159418880,eclipse teaserhttpstcowkqik7u2l72017 05 23 12 pm kst online album release 26 offline album releaseloo kimlip .    Eclipse;KimLip http://youtu.be/Sh4tZ5a0jcE,2.0
889321862060269568,e vem mais um eclipse .    eclipse http://fb.me/8Er01ZhZ5,2.0
889322030763565056,2017 05 23 loo kimlip 01 eclipse02 twilighthttpstcos55ghojuef .    LOO;KimLip;01;Eclipse02;Twilighthttpstcos55GHOJUEF http://youtu.be/jbBMWnXaPJQ,2.0
889322556104339457,kimlip eclipse mv loo twilighthttpstcowtalzjdpdx .    KimLip;Eclipse;LOO;TwilighthttpstcowTaLZJdpdX https://youtu.be/_qJEoSa3Ie0,2.0
889323539257589762,august 2017 date paralyze america youtubehttpstcozwtpvxcywr eclipse2017 2017eclipse eclipse .    ECLIPSE2017;2017ECLIPSE;ECLIPSE http://crwd.fr/2unnpBS,2.0
889326085967687680,sell linda 2950 obo mitsubishus eclipse carforsale greatdeal hmuuuu . Linda;   Mitsubishi;eclipse;carforsale;greatdeal ,2.0
889328479099027456,make totalsolareclipse usa partial eclipse look safely itll worth .    totalsolareclipse;eclipse ,2.0
889329914155081728,starryscape picture day 2017 july 23new moon earthshine total solar eclipse 200920090722new moon july 2009 .    Starryscape;Earthshine;Eclipse ,2.0
889330166484172800,loo redbluepurple kimlip jinsoul choerry eclipse singingintherain lovecherrymotion .    LOO;RedBluePurple;KimLip;Jinsoul;Choerry;Eclipse;SingingInTheRain;LoveCherryMotion ,2.0
889356106887077889,respect state eclipse oreclipse .    Eclipse;OReclipse http://www.kptv.com/story/35942866/oregon-braces-for-trash-ahead-of-solar-eclipse,1.0
889363845168476160,pinkfloyd eclipse art tina mesa .    pinkfloyd;eclipse ,2.0
889364023636086784,ohmigoshthe eclipse cometh travel idaho .    Eclipse;travel;Idaho http://buff.ly/2unz4k3,2.0
889367573246091264,eclipse .    Eclipse ,2.0
889368467022983168,ncarucar eclipse science path totality httpstcom2peuuztqn .    NCARUCAR;Eclipse;Science https://astrocometal.blogspot.it/2017/07/ncarucar-eclipse-science-along-path-of.html,2.0
889370393307492352,omg typical rodney dangerfield iowa know state eclipse skip idaho norespect . Rodney;Dangerfield;   eclipse;Idaho;norespect https://twitter.com/todayshow/status/888393878566346752,2.0
889371078631542784,august 2017 date paralyze america total august2017 solar eclipse cross 14 state .    AUGUST2017;SOLAR;ECLIPSE;CROSS;US;STATES https://www.yahoo.com/news/m/74200c43-0a8e-3fae-a056-52e40bc199d2/this-august-2017-date-could.html?.tsrc=fauxdal,1.0
889371350925795329,nasa offer safety tip view aug 21 solar eclipse august21 solar eclipse safety tip .   NASA;Solar;Eclipse;-;AUGUST; AUGUST21;SOLAR;ECLIPSE;SAFETY;TIPS https://www.yahoo.com/news/m/b55594d1-5641-3cf7-aef2-658ac9549fae/nasa-offers-safety-tips-for.html?.tsrc=fauxdal,1.0
889371941055770626,eclipse leadership regardless pithy attack 44 rank uspresident .    eclipse;pithy;44;rank;USPresidents https://twitter.com/AHamiltonSpirit/status/889338917119459333,2.0
889372697150574593,eclipse pinkfloyd rogerwater .    Eclipse;PinkFloyd;RogerWaters ,2.0
889385923233886210,sale gt 2011 mitsubishus eclipse oakland can .    Mitsubishi;Eclipse;Oakland http://www.tweetauto.com/viewcar/4A37L3ET6BE001392-2011-mitsubishi-eclipse.php,2.0
889397296827432960,6 new starter confirm september eclipse danceschool dfr istd hemelhempstead hertfordshire .    Eclipse;DanceSchool;DFR;ISTD;HemelHempstead;Hertfordshire ,2.0
889397525278535680,america celebrate total solar eclipse august 21 2017 .    Eclipse http://buff.ly/2ur3iB3,1.0
889398124845912064,wild city 07242017 city graphicdesign abstraction architecture eclipse surrealism .    city;graphicdesign;abstraction;architecture;eclipse;surrealism https://www.instagram.com/p/BW7BS4QDzxl/,2.0
889400620368764929,eclipse totale soleil du 21 aot pourquous les scientifiques lattendent avec tant dimpatience .    Eclipse;soleil;scientifiques http://www.lci.fr/sciences/eclipse-totale-de-soleil-du-21-aout-2017-pourquoi-les-scientifiques-l-attendent-avec-tant-d-impatience-2059364.html,2.0
889400634612613122,mixedly ice skatemy nitrobacteriaquadripartitelyeclipse .     ,2.0
889401367978278916,do august lunar eclipse affect ac libra apparently affect 11th house interested work .    eclipse;libra ,2.0
889408929763033089,eclipse band tat idea idk eclipse tat idea band lightband moon lunarchild spaceboy .    idk;eclipse;tat;idea;band;lightband;moon;lunarchild;spaceboy ,2.0
889409431255080960,great eclipse come soon enjoy understand place universe .    Eclipse;Enjoy;Universe ,2.0
889417380417294337,eclipse sangre en la luna polucion luna .    Eclipse;polucion;luna http://bit.ly/1ssoQYy,2.0
889425285749362688,best place eclipse missouri missourieclipse eclipse2017 .    eclipse;Missouri;MissouriEclipse;eclipse2017 http://whenisthenexteclipse.com/best-places-see-eclipse-missouri/,1.0
889432792315998208,look glassazothlookingeclipse botresinbot .    BOTresin_bot ,2.0
889438373898838016,eclipse gt .    Eclipse http://wkrn.com/tag/total-solar-eclipse-2017/,2.0
889438567096832001,5minute educational video total solar eclipse focus science engaging joss . Joss;   eclipse http://fb.me/2ZTe9veR2,2.0
889441822505938944,24julio astronoma astrologa hoy noche sin luna agosto inicia eclipse luna y culmina eclipse sol .    24julio;astronoma;astrologa;eclipse ,2.0
889442400439070720,1878 solar eclipse science relevant .    eclipse http://www.bbc.co.uk/programmes/p0599qb1,2.0
889445325462790144,look forward eclipse2017 meantime eclipse saturn titan .    Eclipse2017;Eclipse https://twitter.com/themadstone/status/889225942840815616,1.0
889447687875153920,mondaymotivation stress like mental eclipse rob energy stay bright innovative creative .    MondayMotivation;eclipse;innovative;creative https://www.entrepreneur.com/article/247426,2.0
889451499557969920,week today eclipse ready information .    eclipse http://Eclipse2917.nasa.gov,1.0
889453480561307648,100 eclipse campsite incl missouri amp illinoi eclipse2017 .    eclipse;Missouri;Illinois;Eclipse2017 http://goo.gl/qTbHnB,2.0
889454641162989568,amp get ready 4 aug 21 eclipse amblind w science .    eclipse ,2.0
889454647517335553,yeah justyeah eclipsehttpstcozs15ps3wie .    EclipsehttpstcozS15Ps3wiE https://apod.nasa.gov/apod/ap170724.html,2.0
889455660655558656,let talk astronomy 724 mercury eclipse .    mercury;eclipse https://www.pscp.tv/w/bESHwTFkdkVPZ0pxcGxFWGV8MUJSS2p5RFdYalZ4d5d0FRPkfdn7qQePJJF6JhDoCpL1KCr8mCe4hUOEDyXZ,2.0
889455891937972224,slipknot hope go lyric eclipse2017 eclipse .    Eclipse2017;Eclipse https://www.youtube.com/watch?v=4TMrR4CtEsE&feature=share,2.0
889456132615540737,heres total solar eclipse go awesome .    eclipse http://www.nbc12.com/Clip/13514754/total-solar-eclipse-happening-on-aug-21.WXXiHTfdU1o.twitter,1.0
889457702069571585,fancy eclipse mint .    Eclipse;Mints https://youtu.be/JOqoxAG4RwE,2.0
889458574702903296,august 2017 date paralyze america eclipse notabout trump cool .    eclipse;notabout;cool http://nyp.st/2gSRggH,1.0
889459846122283008,total solar eclipse happen aug 21 here need know exactly month today .    solar;eclipse http://fb.me/taXJYian,1.0
889460294279458818,nasa swing emergency procedure place effort ramp educate trumpvote public shiny ball sky go darkeclipse .   Nasa;  https://twitter.com/Independent/status/889452773439414272,2.0
889460443739303936,java softwareentwickler java senior developer mwin dresden chemnitzjava eclipse software .    Eclipse;Software http://r.ebnd.de/r/2q-BgC,2.0
889460447589441541,identify zero circulartheory eclipse .    circulartheory;eclipse http://bit.ly/2uskoyw,2.0
889460684089565184,identify zero circulartheory eclipse vc .    circulartheory;eclipse;VC http://bit.ly/2usaNHY,2.0
889466943228567552,no4 greatnocloud eclipse .    eclipse http://www.bravotv.com/blogs/best-places-to-see-the-total-solar-eclipse-this-summer,2.0
889467705463640064,solar eclipse safety eclipse glass eye protect .    eclipse http://j.mp/2uLIJlr,1.0
889468903264595968,eclipse solar 218 deixar algo que j n ajuda em sua misso nesta vida e finalizar 1 captulo passado p iniciar 1 novo ciclo . Deixar;  NOVO;CICLO; ECLIPSE https://twitter.com/LilianPacce/status/889418126625914880,2.0
889470575017635840,softwareentwickler mw java se c c scheidt amp bachmann technik kiel deutschland eclipse .   Scheidt;&;Bachmann;System;Technik;Kiel; eclipse https://stackoverflow.com/jobs/149407/softwareentwickler-m-w-java-se-c-plus-plus-c-sharp-scheidt-bachmann-system,2.0
889471269107884035,safely photograph solar eclipse pro .    Photograph;Eclipse http://buff.ly/2usfaTA,2.0
889471333989535745,eclipse science path totality .    Eclipse http://phy.so/420105854,1.0
889471496552427520,eclipse shades benefit eye travel summer .    Eclipse;travel;summer http://buff.ly/2uq3CQy,2.0
889471875377754112,photograph august eclipse y photographer astronomy nature .    photograph;August;eclipse;photographers;astronomy;nature http://crwd.fr/2upG3rq,2.0
889472013601058818,nasa total solar eclipse 2017 .   NASA; Solar;Eclipse http://sco.lt/5GjpkP,2.0
889472743078547456,spectacle en vue une clipse solaire totale aura lieu le 21 aout eclipse nasa soleil .    Eclipse;NASA;Soleil https://www.generation-nt.com/spectacle-eclipse-solaire-totale-21-aout-actualite-1944660.html,2.0
889475271551799297,great merican eclipse month away moon .    great;merican;eclipse;month;away;moon http://fb.me/7hfRXeb58,2.0
889476009568948224,retweeted linn stamp news linnsstampnewseclipse postmark visible long . Retweeted;Linn;   postmarks http://fb.me/XvS40W68,2.0
889477836427460608,start info aug eclipse site great start .    eclipse http://bit.ly/2eFBWn3,2.0
889478782763008000,that tell eclipse .    eclipse ,2.0
889478783920689152,really make like sort villain steal virtue eclipse .    eclipse ,2.0
889478788806983680,sale week eclipse kit box just 40 include tshirt glass x6 family guide eclipse .   Eclipse;Kit;Boxes; eclipse http://eclipsekit.com,2.0
889481617399533568,kid prep total solar eclipse space racer website stem space .    Eclipse;STEM;space https://www.space.com/37584-space-racers-solar-eclipse-website-for-kids.html,2.0
889482990358863872,ourique eclipse praasomdinis ourique . Ourique;   ourique;eclipse;praasomdinis https://www.instagram.com/p/BW7n4u1D2AI/,2.0
889483424045649920,magnfica cantando cuore tasca pra matar o corao saudadebravssima eclipse carrara video shenlu3 grazie . Cuore;   Eclipse;Carrara ,2.0
889484533845954560,theres eclipse wh shade .    Eclipse ,2.0
889485347226136578,eclipse group continue aug 27 ottart ottart almonte sculpture fineart art .    ECLIPSE;ottart;ottarts;almonte;sculpture;fineart;art http://sivarulrasa.com/exhibitions/eclipse/,2.0
889485431699496960,dennisrhands periscope let talk astronomy 724 mercury eclipse .    Periscope;mercury;eclipse https://www.pscp.tv/w/bESjdDF4a1FETndORHlqem18MUJSS2p5RFdYalZ4d_l2hJdiueJf5lMH_iWL4QR3iBe0ysPUmefx9MYO27Df,2.0
889487872738381826,eclipse august21 august7 partial penumbral lunar eclipse moonrise europe eclipse2017 .    eclipse;August21;August7;penumbral;eclipse2017 ,2.0
889488103253184517,im excited month eclipse nebraskaeclipse2017 .    eclipse;nebraskaeclipse2017 ,1.0
889488783883857920,il y aura bientt aux tatsunis une clipse exceptionnelle que la nasa va retransmettre tatsunis usa actualit .   NASA; clipse;tatsUnis;USA;actualit ,2.0
889489356767055873,sunray total solar eclipse 2017 tshirt sun shop cute .    Eclipse;sun;shop;cute http://amzn.to/2uqlaMG,2.0
889489600581967874,sunray total solar eclipse 2017 tshirt sun shop cute .    Eclipse;sun;shop;cute http://amzn.to/2tCvTpX,2.0
889490200279306245,eclipse science path totality .    Eclipse;science https://phys.org/news/2017-07-eclipse-science-path-totality.html,1.0
889491042193559552,eclipse planning chapelhillnkc .    eclipse;chapelhillnkc ,2.0
889491361883463681,safely photograph solar eclipse pro .    Photograph;Eclipse http://buff.ly/2uQ5Ifw,2.0
889492333661573120,mobile coverage capacity 2b challenge eclipse occur month c cre wireless .    Mobile;Eclipse;CRE;Wireless https://www.geekwire.com/2017/solar-eclipse-telecom-carriers/,2.0
889492818930151425,futurebillionaire event myrtlebeach aug 21 2017 financialfreedom ecommerce tcot cryptocurrency eclipse .    MyrtleBeach;financialfreedom;ecommerce;tcot;cryptocurrency;eclipse http://nmb.sc/?p=63,1.0
889493963299856384,install openchrom mac sierra eclipse ask install old java 6 just fine lastest realtimechem .    OpenChrom;Mac;Sierra;Eclipse;Java;realtimechem https://stackoverflow.com/questions/35246910/eclipse-not-recognizing-jvm-1-8,2.0
889494133206855680,ohmigoshthe eclipse cometh travel idaho .    Eclipse;travel;Idaho http://buff.ly/2uZP11z,2.0
889495337676754944,open multiple workspace eclipse mac os x java eclipse .    java;eclipse http://marketplace.eclipse.org/content/osx-eclipse-launcher.UGWfRRjCaHk,2.0
889496693967925249,safely photograph solar eclipse pro .    Photograph;Eclipse http://bit.ly/2uYTzoQ,2.0
889497652093734913,namgrass eclipse prove popular product high demand request free sample .    Namgrass;Eclipse http://bit.ly/NamgrassEclipse,2.0
889498449552580608,nws noaaesrl preview total solar eclipse new simulation noaaso ciresnew nasagoddard .    eclipse https://twitter.com/i/web/status/888429478631944192,2.0
889498733418827777,angelina eclipsedesign make beauty experience amazingmalettigroup design .    Angelina;EclipseDesigned;design ,2.0
889498808152981505,nws noaaesrl preview total solar eclipse new simulation noaaso ciresnew nasagoddard .    eclipse http://ift.tt/2eI5Wim,2.0
889498925295706114,7 tool remove complexity java developmentvisit programming javaee developer eclipse apache .    Java;programming;JavaEE;developer;Eclipse;Apache http://bit.ly/2oZGN5c,2.0
889501756522102784,thx amp watch presentation learn eclipse science .    eclipse;science https://youtu.be/zD9f12RLCz0,2.0
889502210526150657,earthling one experience total solar eclipse .    Eclipse http://buff.ly/2urlESv,2.0
889502600642445312,week nasa marscomet isscargo eclipse spacewalk .   NASA; MarsComet;ISScargo;eclipse;spacewalk ,2.0
889502986799632390,view eclipse2017 host eclipse view party ticket .    Eclipse2017;eclipse https://go.bna.city/2t6y3cz,1.0
889503563415773185,interesting spectroscopic plate sun corona dated 28 1900 eclipse eclipse2017 .    eclipse;Eclipse2017 ,2.0
889504611064610816,solar eclipse offer million chance citizen science update million people student .    Solar;Eclipse http://fb.me/9kDt9uUjU,2.0
889506068912640001,thank incredible feedback total solar eclipse documentary august21 .    solar;eclipse;August21 https://twitter.com/ErylCsAll/status/888735313513893889,1.0
889509188145119233,4 week away people plan eclipse image ill repost comparison various exposure 1979 eclipse oregon .    eclipse ,2.0
889511317752737794,think excellent youre hold educational event upcome eclipse info visit .    eclipse https://lasikomaha.com/total-solar-eclipse-of-august-21-2017/,1.0
889511686964744192,eclipse missourus .    eclipse;Missouri https://twitter.com/KC_Area_Events/status/889507242155835393,2.0
889513786385813505,dennisrhands periscope let talk astronomy 724 mercury eclipse .    Periscope;mercury;eclipse https://www.pscp.tv/w/bES91jFXZ0VnYWdYcEdZS3Z8MUJSS2p5RFdYalZ4d6easAJnBzL_CGor7uS2tr6EfEo8rcZTsTUmIH1DUgml,2.0
889514648994709504,midwest university harness research potential upcome solar eclipse .   Midwest;Universities; eclipse http://www.stltoday.com/news/local/education/universities-harness-research-potential-of-upcoming-solar-eclipse/article_e9be3f2b-35a4-5949-960a-eae2395bfebd.html,2.0
889514771564941312,america celebrate total solar eclipse august 21 2017 .    Eclipse http://buff.ly/2tD3wbn,1.0
889516385906286594,art center exhibit revolve aug 21 eclipse larry wilson eclipse . Larry;Wilson;   eclipse http://www.dailynews.com/opinion/20170721/at-art-center-exhibit-it-all-revolves-around-aug-21-eclipse-larry-wilson,2.0
889516429325864962,great quote see eclipse regret dont .    eclipse http://billingsgazette.com/lifestyles/recreation/want-to-view-the-solar-eclipse-here-are-some-ways/article_24eb46a7-14e8-5b8c-91de-6dbc960086db.html?utm_medium=social&utm_source=twitter&utm_campaign=user-share,2.0
889518309519101953,look isorated eclipse view glass vancouver area 350 .    eclipse https://www.londondrugs.com/celestron-solar-shades---single---44400/L9366022.html,2.0
889521035674046465,eclipse information send august utility billing week .    Eclipse http://fb.me/8TQyML06a,1.0
889523158327459842,eclipse crash course know youre view nebraska consider .    Eclipse http://bit.ly/2vy2wlY,2.0
889523186718715904,eclipse bring chaos oregon forest mountain outdoors eclipse .    outdoors;eclipse http://buff.ly/2uU2RlY,1.0
889523810248032257,icymi eclipse 2017 discussion astrophysicist jack singal available podcast . Jack;Singal;   Eclipse http://kbnd.com/podcasts/your-town,2.0
889524081829314560,do hurt feeling eclipse .    eclipse ,2.0
889524533782126592,month ready great american eclipse august 21st online guide .    American;Eclipse http://astro.ucr.edu/eclipse2017/,1.0
889525416297476096,cancin para la resistencia cultura 24jul vzladicelaconstituyentenova eclipse royster .    cultura;24Jul;VzlaDiceLaConstituyenteNoVa;eclipse;royster https://m.youtube.com/watch?v=MMWtJ3aXQvY&feature=youtu.be,2.0
889525611386912768,protect eye watch solar eclipse solar eclipse earth .    solar;eclipse;earth http://po.st/3LkD03,2.0
889526903383740417,solar eclipse glass 500pc darker lens httpstco0nmxk4kuqx .    Solar;Eclipse;Glasses;500Pcs;Darker;Lens http://www.ebay.com/itm/Solar-Eclipse-Glasses-500Pcs-Darker-Lens-Kids-Aullt-CE-ISO-Approved-Eye-Safe-/112487922551?ssPageName=STRK:MESE:IT;http://ow.ly/VmJP30dLsAQ,2.0
889528873175597057,go wear shirt nxtlosangele eclipse .    NXTLosAngeles;Eclipse ,2.0
889529383400214528,solar eclipse glass 10pc darker lens kid aullt ce iso approve eye safehttpstcotjvo1mtu4j .    Solar;Eclipse;Glasses;10Pcs;Darker;Lens;Kids http://www.ebay.com/itm/Solar-Eclipse-Glasses-10Pcs-Darker-Lens-Kids-Aullt-CE-ISO-Approved-Eye-Safe-/112487907337?ssPageName=STRK:MESE:IT;http://ow.ly/AiZe30dLtko,2.0
889529550115352576,entrate aqu todo lo que debes saber sobre el eclipse solar que se ver en mxico .    Entrate;eclipse http://goo.gl/NfLFoo,2.0
889529742986268674,new video eclipse nsfw .    Eclipse http://vimeo.com/226179609,2.0
889529804537638917,make sure protect eye eclipse use appropriate eye wear issue iso 123122 .   ISO; eclipse ,2.0
889532757461938176,onde ver o eclipse total sol dica aqui eclipse americaneclipse eclipsetotal .    eclipse;AmericanEclipse;eclipsetotal http://www.togoblogs.com.br/viajante-hiper/eclipse-total-do-sol/,2.0
889536019816730625,pub crme clipsemur aixenprovencesocit cirage franais1881cirage emblmatique utilis par les poilus lors la guerre 1418 .    clipseMur;AixenProvenceSocit ,2.0
889536140235198468,great american eclipse eclipse2017 eclipse murphy .    Eclipse2017;Eclipse;Murphy ,1.0
889536387329933313,icymi planetarium coordinator david mue appearance eclipse story friday night . David;Mues;   ICYMI;eclipse http://cbsloc.al/2gXqyDP,2.0
889537146390028289,nasa scientist hope eclipse viewer help study planet help just download app greatamericaneclipse .   NASA; eclipse;greatamericaneclipse https://twitter.com/NASAGO/status/889513005700042753,2.0
889537795336806400,nasa scientist say eclipse viewer help study earth downloading app .    NASA;eclipse http://www.kezi.com/clip/13519692/video-phone-app-gathers-data-for-nasa;https://twitter.com/NASAGO/status/889513005700042753,2.0
889538167266656256,nasas epic camera image aug 21 eclipse help better understand earth energy .   NASA; eclipse https://go.nasa.gov/2gNLgWK,1.0
889538788959162373,nasasun nasa epic camera image aug 21 eclipse help better understand earth energy .   NASA; eclipse https://twitter.com/i/web/status/889538167266656256,1.0
889539137208037377,saw delta formation 10 chrome sphere fly low annular eclipse live gulfbreeze 2001 stanleykubrick .    eclipse;GulfBreeze;StanleyKubrick ,2.0
889541429726466049,wnc total solar eclipse august 21 2017 solareclipse2017 eclipse asheville .   WNC; SolarEclipse2017;Eclipse;Asheville http://www.wnctimes.com/outdoors/2962-wnc-total-solar-eclipse-august-21-2017.html,1.0
889541634446073859,2017 eclipse countdown use clip time step shadow eclipse fortheloveoflearning ade2017 .    clips;eCLIPSe;ForTheLoveOfLearning;ADE2017 ,2.0
889542340993572864,maybe blog deploy modelbased dsl cli support eclipse plugin kinda hard time make work .    Blog;DSL;Eclipse ,2.0
889543560437133312,like eclipse anticipation proclamation .    eclipse ,2.0
889545520359907330,do say eclipse 100 year ago clemson eclipse2017 clemsoneclipse .    eclipse;Clemson;Eclipse2017;ClemsonEclipse http://fb.me/8FnLKJtCU,2.0
889546983366680581,nasa recommend safety tip view august solar eclipse .   NASA; recommends;solar;eclipse http://bit.ly/2uPRqeU,2.0
889547221347299328,prediction monday 7 august 2017 lunar eclipse sturgeon moonlunareclipse fullmoon astrologyhttpstcooccn0ddbfm .    Predictions;Eclipse;FullMoon;AstrologyhttpstcooCcn0ddbFM https://www.magicalrecipesonline.com/2017/07/predictions-monday-7-august-2017-lunar-eclipse-sturgeon-full-moon.html,2.0
889549391882833920,tempt eclipse binoculars eclipse tee women cut .    eclipse ,2.0
889552495214809088,dont catch eclipse view party eclipse tee eclipse ibelievewhatiwear .    Eclipse;ibelievewhatiwear https://complimentees.com/collections/all,2.0
889552686143721474,dcone36 say theres eclipse today do mishearsolar eclipse august 21 2017httpstcotqy1zlsetx .    eclipse https://g.co/kgs/n5kJbT,2.0
889554153420316672,eclipse come .    Eclipse ,2.0
889555308657475584,totally begin exactly 4 week minute 238pm edt mon 821 nwsgsp eclipse ncwx scwx gawx .    Eclipse;ncwx;scwx;gawx https://twitter.com/NOAA_SOS/status/889551979017637888,2.0
889557925756149760,chef fish eclipse galleychef dinerchefheidi .    Eclipse;galleychef;dinerchefheidi ,2.0
889558512136843268,like moon im world shine brilliantly throw best shade damn planet see eclipse .    moon;world;shine;shade;eclipse ,2.0
889558771726401536,fantastic advice enjoy eclipse 1878 .    eclipse https://www.brainpickings.org/2013/11/01/solar-eclipse-maria-mitchell/,2.0
889560439234998273,entrate aqu todo lo que debes saber sobre el eclipse solar que se ver en mxico .    Entrate;eclipse http://goo.gl/NfLFoo,2.0
889560789245407233,oh man im hearing hotel 100 percent book eclipse chsnew .    eclipse;chsnews ,2.0
889560845939879936,hear total solor eclipse happen month follow guide .    heard;total;solor;eclipse;next;month;guide http://fb.me/8ZWaHwjHT,2.0
889560933537726464,ready solareclipse2017 cool webapp simulate eclipsehttpstco6iapxvnis5nationaleclipse .    SolarEclipse2017;Eclipsehttpstco6iapXVnis5NationalEclipse https://eyes.jpl.nasa.gov/eyes-on-eclipse-web-app.html,2.0
889562186825248768,eclipse total sol agosto2017 lo que necesitas saber noticias el tiempo va. .    Eclipse;Agosto2017 https://noticias.eltiempo.es/eclipse-total-de-sol-2017-lo-que-necesitas-saber/,2.0
889563275712528384,astrology mar sun eclipse mercury watchout .    astrology;Mars;Sun;Eclipse;Mercury;WatchOut ,2.0
889566391396913152,pensee eclipse playlisted chillone chill listen chill radio live .    Pensees;eclipse;chillone;chill http://chillone.com,2.0
889567407936811009,northwest citizen scientist help track solar eclipse science .    solar;eclipse;Science http://bit.ly/2utYmM9,2.0
889567687021662210,eclipse nasa know .    Eclipse;nasa http://fb.me/HMikTl4Q,2.0
889567856836435969,meh just catch oneconvenient eclipse eclipse .    eclipse;eclipse https://eclipse.gsfc.nasa.gov/SEgoogle/SEgoogle2001/SE2024Apr08Tgoogle.html;https://twitter.com/FiveThirtyEight/status/889563333191319552,2.0
889567875249442817,time run make plan eclipse smoky mountain .    Eclipse http://www.visitmysmokies.com/blog/smoky-mountains/total-solar-eclipse-2017-smoky-mountains/,2.0
889568377693405184,dont dark answer burn question august eclipse .    Eclipse http://ow.ly/BVkR30dSlyQ,2.0
889568463659970560,want great view eclipse levenhuk binoculars fit spectrum telescope solar filter scopedawg .    eclipse;Scopedawg http://ow.ly/15lw30dJvko,2.0
889569645530951681,solar eclipse glass darker lens kid aullt ce iso approve eye safehttpstco70vj2j09pz .    Solar;Eclipse;Glasses;Lens http://www.ebay.com/itm/Solar-Eclipse-Glasses-20Pcs-Darker-Lens-Kids-Aullt-CE-ISO-Approved-Eye-Safe-/112487902149?ssPageName=STRK:MESE:IT;http://ow.ly/OJtx30dLsdd,2.0
889572928336965632,81 learn eclipse detail drink w author denni schatz scicomm . Dennis;Schatz;   eclipse;scicomm http://nwscience.org/events/1708101-schatz-eclipse/,2.0
889574924930605056,vulture start eat end sightsee change eclipse august 22nd rocky trading day .    Eclipse ,1.0
889576934031728640,emptiness gtgtgt shop minimal space black white future typeface moon planet eclipse confefe .    minimal;space;black;white;future;typeface;moon;planet;eclipse;confefe ,2.0
889577477269532672,view solar eclipse safely eclipse visionforlife .    eclipse;visionforlife http://hubs.ly/H07XW0C0,2.0
889577486153113600,e fixa o olhar fico te olhar pabllovittar ko eclipse pride eclipse tubaro .    PablloVittar;KO;Eclipse;Pride https://www.instagram.com/p/BW8S3DdBg6a/,2.0
889577586908516352,android softwareengineer ft c2c daly city can area agile eclipse git jira objectorient restful ux .    Android;SoftwareEngineer;Agile;Eclipse;Git;JIRA;ObjectOriented;Restful;UX https://goo.gl/CMnr5i,2.0
889579032794337281,unconditioned spirit trap condition like sun eclipse .    spirit;sun;Eclipse ,2.0
889579238516555776,know exactly coco eclipse tap link bio shopgt wonderwoman sweettropicaldream .    eclipse;wonderwoman;sweettropicaldream ,2.0
889580961473724418,ecommerce eclipse event aug 21 myrtlebeach reserve oceanfront room july 28 success .    Ecommerce;eclipse;MyrtleBeach;success http://futurebillionaires.org,1.0
889581255108513792,solar eclipse observe oregon south carolina august 21st darkness noon put amp earth cosmic context .    Solar;eclipse https://twitter.com/jamesasali/status/889283008162877440,1.0
889581726032199681,thats smart getmoredone timesave eclipse .    GetMoreDone;TimeSave;Eclipse ,2.0
889581767425961984,total solar eclipse august 21less 1 month away kind question eclipse .    eclipse ,1.0
889582255399686144,solar eclipse 82117 triblend graphic teeeclipse graphictee riverimprintsto view gtgt .    graphictee;riverimprintsTo http://ow.ly/LVkT30dN9hr,2.0
889583188443619333,solar eclipse printable worksheet homeschool science teacher hsmomma eclipse solareclipse2017 .    Printable;homeschool;science;teachers;HSMommas;eclipse;SolarEclipse2017 https://goo.gl/skXyF3,2.0
889583640786722817,august solar eclipse smartphoneread httpstcocpzeq7dz8pnasa eclipse august21 .    eclipse;august21 https://firenewsfeed.com/news/287208,2.0
889584475583250432,go cgi upcome eclipse cause ill really piss phelpsvsshark .    CGI;eclipse;PhelpsVsShark ,2.0
889586735088373762,new eclipse rv village togwotee lodge bring rv camp near teton thatswy .   Togwotee;Lodge; Eclipse;thatswy http://bit.ly/2gY1Ine,2.0
889586782278344704,eclipse .    Eclipse http://fb.me/11MR1UgNt,2.0
889587381107658753,official albany want alert eclipse viewer pertinent info texting app totalsolareclipse .    eclipse;TotalSolarEclipse http://www.kezi.com/story/35958306/eclipse-viewers-urged-to-download-texting-apps-to-keep-family-safe,2.0
889588520414851072,hotel search increase anticipation eclipse lifetime .    eclipse http://ow.ly/X5lf30dSvNW,2.0
889588524869091334,solar eclipse glass darker lens kid aullt ce iso approve eye safehttpstco70vj2j09pz .    Solar;Eclipse;Glasses;Darker;Lens;Kids;Aullt;CE;ISO;Approved;Eye;Safehttpstco70vJ2j09pZ http://www.ebay.com/itm/Solar-Eclipse-Glasses-20Pcs-Darker-Lens-Kids-Aullt-CE-ISO-Approved-Eye-Safe-/112487902149?ssPageName=STRK:MESE:IT,2.0
889589005494386688,think im late game catch eclipse bug gon na nerd month .    eclipse;nerd ,2.0
889590358618886144,parent amp educator check space racer eclipse site good activity amp info stem steam .    Eclipse;STEM;STEAM https://augusteclipse.com/,2.0
889591273035898882,clear calendar solar eclipse httpstcomlehdyrs7y science .    calendar;solar;eclipse;Science http://bit.ly/2ur2Ymc,2.0
889593529735012352,ativae luz 24072017 eclipse2017 eclipse gate portai light luz .    Eclipse2017;eclipse;gates;portais;light;luz http://www.sementesdasestrelas.com.br/2017/07/ativacoes-de-luz-24072017.html?m=1,2.0
889593550664601600,entrate aqu todo lo que debes saber sobre el eclipse solar que se ver en mxico .    Entrate;eclipse http://goo.gl/NfLFoo,2.0
889595554560454657,build stem learning solar eclipse thanks astronomer border .    STEM;solar;eclipse http://buff.ly/2t5ExIy,2.0
889596582521262080,identify zero circulartheory eclipse .    circulartheory;eclipse http://bit.ly/2uskoyw,2.0
889597100262019072,wait 2 1 eclipse disclosure mtshasta telo adama f2b .    Eclipse;Disclosure;MtShasta;Telos;Adama;F2B https://www.eclipseofdisclosure.com/,2.0
889597469977448448,visit travel kentucky eclipse northamericaneclipse roadtrip .    eclipse;northamericaneclipse;roadtrip https://interstate411.us/eclipse-2017,2.0
889597683341680641,want know safely watch eclipse little complicated just buy eclipse glass .    eclipse https://www.sciencenewsforstudents.org/article/how-safely-watch-solar-eclipse,1.0
889597747841597442,safe way look eclipse indirectlyhttpstcozczbvali1e .    eclipse http://www.jhnewsandguide.com/news/health/protective-spectacles-are-a-must-for-eclipse/article_cd6ef33f-4250-543d-8ac7-6d79e892e42f.html;https://www.nasa.gov/press-release/nasa-recommends-safety-tips-to-view-the-august-solar-eclipse,2.0
889598511553163264,eclipse ready schedule event preorder signature cookeville tshirt ckvlsee .    eclipse;ckvlsee http://bit.ly/fbCKVLSee,2.0
889598982330003457,let science sht eclipse2017 eclipse .    science;Eclipse2017;Eclipse https://twitter.com/NASA/status/889155603863658496,2.0
889600890243612672,waitlist god smile today score charleston campsite eclipse amp get select nasasocial launch .    eclipse;NASASocial ,2.0
889600964528701440,bendigo jockey tom cannon sr winner eclipse stake 1886 eclipse bendigo sandown . Bendigo;Tom;Cannon;Sr.;   Eclipse;Bendigo;Sandown http://www.ebay.com/itm/142455694701,2.0
889603962529353732,stress use sunglass watch solar eclipse august 21st eclipse2017 .    eclipse;Eclipse2017 http://www.fox23.com/news/trending-now/your-eyes-will-fry-under-normal-sunglasses-during-2017-eclipse-heres-why/567824957,1.0
889604429212680192,apparently august 21st go excellent day big end world party eclipse .    Eclipse https://twitter.com/voxdotcom/status/889602356890845184,1.0
889605416459550720,sign sign sign eclipse .    eclipse ,2.0
889606756027908096,try run try encounter error playwithdocker eclipse moby .    playwithdocker;eclipse;moby http://play-with-docker.com,2.0
889608892933603329,watch greatamericaneclipse best solar eclipse glass filter .    GreatAmericanEclipse;Eclipse http://bit.ly/2uqiQp0,2.0
889608965788717056,wait date diary eclipse cerocnight dance silc .    eclipse;cerocnights;Dancing;silc ,2.0
889610234637033472,collection far jeffreestarcosmetic skinfrost lipscrub velourliquidlipstick chrome collection eclipse daddy .    jeffreestarcosmetics;SkinFrost;lipscrub;velourliquidlipstick;chrome;collection;Eclipse;Daddy ,2.0
889610925107548161,eclipse 2017 say eclipse 2017 fun wear eclipse eclipse 2017eclipse august .    eclipse;2017eclipse;august https://www.bonfire.com/eclipse-2017/,2.0
889611130632536064,hybrid solar eclipse kenya eclipse solar hbrido sobre kenia va eclipse kenya astrophotography . Kenia;   Eclipse;Kenya;Astrophotography https://apod.nasa.gov/apod/ap170724.html,2.0
889612611494563841,wallpaper do hope like ahh youre amazing ring embermoon eclipse freetheflame .    EmberMoon;Eclipse;FreeTheFlame ,2.0
889613748624863233,have eclipse party kona great way cool wait big moment eclipse konawillcoolya .    eclipse;KonaWillCoolYa ,2.0
889613785069215744,eclipse mug kiln hubby say sunflower say eclipse mugshotmonday eclipse eclipsemug .    mugshotmonday;eclipse;eclipsemug http://ift.tt/2urIQBX,2.0
889613833379225600,white sun cloud rain scrub white daybreak girl accident eclipse .    scrub;white;daybreak;girl;with;accident;eclipse http://www.1clickemoji.com/4625,2.0
889613973070508032,wow astronoma astronomo ciencia cielo noticia eclipse cdmx mexico lunesdeganarseguidore .    astronoma;astronomos;ciencia;cielo;noticias;eclipse;cdmx;mexico;LunesDeGanarSeguidores https://twitter.com/XolotlShop/status/889575994629263360,2.0
889615165905391616,1970 eclipse just big event show world largest hog daily tar heel nc .    eclipse;NC https://medium.com/k%C3%BChner-kommentar/from-idle-fears-and-gloomy-forebodings-of-evil-to-megamovies-and-science-72c575ef1849,2.0
889616861737955328,dont blindside eclipse snip warren record warrenton nc 1970 . Warren;Record;   eclipse https://medium.com/kühner-kommentar/from-idle-fears-and-gloomy-forebodings-of-evil-to-megamovies-and-science-72c575ef1849,2.0
889621107803914241,watch solar eclipse nature mdc conservation area jefferson city mo july 24 .    WATCH;SOLAR;ECLIPSE;NATURE;MDC https://goo.gl/fb/4eSVmb,2.0
889622033545527296,metallica blacken lyric eclipse .   Metallica; Eclipse https://www.youtube.com/watch?v=Mq5G8NQ5n4A&feature=share,2.0
889622814424170496,hotel kc nebraska stay eclipse watcher .    KC;Nebraska;eclipse https://twitter.com/LodgingMagazine/status/889576138481205248,2.0
889622817599361024,true phantom watch want drama undeadlegion come eclipse near .    Phantom;Undeadlegion;Eclipse ,2.0
889623259016302595,research eclipse history stuff get nostalgic day spend bury bizarre cosmology like tycho geoheliocentric model . Tycho;   eclipse ,2.0
889623809585811457,just send case eclipse kit guide restock amazon demand pick 4 week eclipse .   Amazon; Eclipse http://amzn.to/2pm8P8I,2.0
889624566947098630,aug21 solar eclipse map update online gt eclipse2017 eclipse eclipseglass weather climate space selfie .    Eclipse2017;Eclipse;EclipseGlasses;weather;climate;space;selfie http://eclipse-app.simulationcurriculum.com/,1.0
889625496878809090,100 million travel path aug21 total solar eclipse cross usa map eclipse2017 eclipseglass .    Eclipse;Eclipse2017;EclipseGlasses http://eclipse-app.simulationcurriculum.com/,1.0
889628796080410624,august 21st month away readyeclipse .     http://fb.me/91dHaujma,2.0
889628856088395777,today case eclipse fever let help guide glassesfilter .    eclipse https://smle.us/x-1b7,2.0
889629148020432896,moonshiner brew special eclipse eclipseville whas11 .    Eclipse;Eclipseville http://www.whas11.com/news/eclipse/kentucky-moonshine-distillery-brewing-up-eclipse-cash/459170999,2.0
889629503210827776,time update photography equipment eclipse .    photography;eclipse http://trib.al/nsyQKVT,2.0
889630312644448258,great read eclipse come sure glass watch marketing .    Eclipse;Marketing https://twitter.com/Inc/status/889615714516185088,1.0
889633040233889792,eclipse come undeadlegion tonyd undeadsavior gwyllgus .    Eclipse;Undeadlegion;TonyD;Undeadsavior;Gwyllgi ,2.0
889633510574747649,eclipse come raw .    Eclipse;RAW ,2.0
889635641314750468,im go preface eclipse question w look directly sun time eclipse totality .    eclipse ,1.0
889635982881980416,work 28 day countdownstay tune im excited eclipse2017 eclipse .    Eclipse2017;eCLIPSe ,1.0
889636193515843589,impressive eclipse vide .    eclipse https://twitter.com/NYTScience/status/889635863579303936,2.0
889636382926401536,2017 solar eclipse science star plane radio wave citizen help .   Radio;Waves; Eclipse;Science http://buff.ly/2uKCGxS,1.0
889642072373899264,ask receive ready life change eclipse .    eclipse ,2.0
889645120458559489,eclipse informationoregon .    Eclipse http://fb.me/7p8nTznUa,2.0
889645726485164036,year eclipse .    Eclipse ,2.0
889649241919979520,entrate aqu todo lo que debes saber sobre el eclipse solar que se ver en mxico .    Entrate;eclipse http://goo.gl/NfLFoo,2.0
889650158148956160,youre planning watch upcome eclipse make sure youve get quality eye protection .    eclipse http://bit.ly/2eJ6Vyy,2.0
889650705476321281,hdinsight tool intellij amp eclipse june update azure .    HDInsight;IntelliJ;Eclipse;Azure https://azure.microsoft.com/en-us/blog/hdinsight-tools-for-intellij-eclipse-june-updates/,2.0
889651250936991744,lupopo eclipse c.    eclipse ,2.0
889654751884959745,eclipse 1139100 viewshttpstco97htfb7hfl choreography ver 173690 viewshttpstcoftda7fgkmt .    Eclipse https://youtu.be/_qJEoSa3Ie0;https://youtu.be/TWLBcx21ytU,2.0
889655978915799040,join eclipse august 21st pebblecreekskiarea info come soon facebook page .    eclipse;PebbleCreekSkiArea ,1.0
889658942468628482,entrate aqu todo lo que debes saber sobre el eclipse solar que se ver en mxico .    Entrate;eclipse http://goo.gl/NfLFoo,2.0
889659418186457088,ahead eclipse extraordinary nature event 8 cyclone onceclimatechange .   Cyclones; Eclipse;Nature http://mother-earth.net/natural-disaster/extremely-rare-event-eight-tropical-cyclones-formed-at-once-for-the-first-time-since-1974,2.0
889661479611318272,java eclipse neon java eclipse neon .    Java;Eclipse;Neon http://samancha.com/archives/973,2.0
889665762910101504,eclipse 811228822 .    eclipse ,2.0
889666359562354688,repost eclipsemedcheer amazing eclipse customer secret secretmedspa el .    Repost;eclipse https://www.instagram.com/p/BW87Re0HSot/,2.0
889666564856872960,nasa warn unsafe eclipse glass look iso 123122 company article eclipseglass .   NASA;ISO; eclipse;EclipseGlasses http://wkrn.com/2017/07/20/nasa-says-unsafe-eclipse-glasses-being-distributed/,2.0
889666696600014848,repost eclipsemedeclipse have incredible time tas2017 talk .    Repost;tas2017 https://www.instagram.com/p/BW87bjhHOdY/,2.0
889667097344790528,repost eclipseprpomg look stop eclipse tas2017 thanks .    Repost;Eclipse;TAS2017 https://www.instagram.com/p/BW87nQ7n-0J/,2.0
889667339813134336,repost eclipsemicropenthe eclipse booth capacity today tas2017 .    Repost;eclipse;tas2017 https://www.instagram.com/p/BW87uDonzGj/,2.0
889668736411729920,repost eclipseprpbut let selfie eclipse vega tas2017 .    Repost;eclipse;vegas;TAS2017 https://www.instagram.com/p/BW88XBaHOX_/,2.0
889671142507675648,eclipse adventure nature natureza cool nice force foto fotografia wonderful .    eclipse;show;adventure;nature;natureza;cool;nice;force;foto;fotografia;wonderful https://www.instagram.com/p/BW89dEwAPqq/,2.0
889675109031698432,new solar eclipse glass shades viewer new solar eclipse glass .    NEW;SOLAR;ECLIPSE;GLASSES ,1.0
889679212587737088,eclipse come friend enemy undeadlegion .    Eclipse;Undeadlegion ,2.0
889679337640804352,eclipse look better line eclipse shirt click link profile .    eclipse https://www.instagram.com/p/BW9BLflg1aP/,2.0
889680883178983425,kfvsnews explain year special solar eclipse area .    eclipse http://bit.ly/2utVLSo,2.0
889681623377162241,august solar eclipse smartphone site solar eclipse .    site;solar;eclipse http://www.geekjournal.net/articles/2017/07/the-august-solar-eclipse-on-your-smartphone-120156.html,1.0
889682349365096449,dont f *** walkineclipse 4g63 4g mitsubishieclipse .    4g63;4g;mitsubishieclipse https://www.instagram.com/p/BW9Ci-iAtNGUaa5Pa0EixkrPLkxMdXKbhwERYk0/,2.0
889684283958243332,til aztec believe eclipse turn benevolent god monster pregnant woman stay inside .    Aztecs;eclipse http://www.nationalgeographic.com/archaeology-and-history/magazine/2017/01-02/aztec-midwife-practical-pregnancy-care/,2.0
889690585170182146,feel stressed irritable moody angryhere whyclarity love guidance eclipse retrograde .    love;guidance;eclipse;retrograde https://www.pscp.tv/w/bEViizExMzcyMDI2fDFuQUpFZVhMbWtaSkw-mf65MHBWmfWu4QpmTgMKpgCGJIj42_FA7DPg_J4-6Q==,2.0
889690714552111104,experience solar eclipse august 21manitobaaerospace solar eclipse .    Solar;Eclipse http://fb.me/wj9Dozbo,2.0
889691144967389186,g look isorated eclipse view glass vancouver area 350 .    eclipse https://plus.google.com/105201176373156907412/posts/5hv3toQrqmJ,2.0
889696809068752896,excited august eclipse learn photograph .    August;eclipse;photograph http://ow.ly/mZpu30dRw92,2.0
889697530690375680,look 1 solar eclipse glassesshade 14 goggles safe direct sun viewing .    1;Solar;Eclipse;Goggles;Safe;Direct https://goo.gl/fb/tDLVdP,2.0
889698766651084800,omfffggggg favorite highlighter time eclipse .    Eclipse ,2.0
889704567843246080,amazing eclipse photo .    eclipse https://apod.nasa.gov/apod/ap170724.html,2.0
889705287720067072,bit understand cullen idea truly good areto core jacob eclipse . Jacob;  Cullens; eclipse ,2.0
889706029574967296,america celebrate total solar eclipse august 21 2017 .    Eclipse http://buff.ly/2uYbpZi,1.0
889707732042883073,great night w hearing eclipse chaser denver 1878 total eclipse sun eclipse2017 .    Eclipse;Denver;ECLIPSE2017 ,2.0
889707840150970368,nasa want record solar eclipse datahttpstcogw7ygowkz5 marketing seo makeyourownlane defstar5 cr spdc love blog .   NASA; Eclipse;Marketing;SEO;makeyourownlane;defstar5;CR;spdc;love;blog http://crwd.fr/2unZuRi,2.0
889709554514231296,year ago use white glove touch blanket twilight eclipse .    twilight;eclipse https://www.instagram.com/p/BW9O60vAgfc/,2.0
889711046184771586,eclipse2017 science eclipse .    Eclipse2017;science;Eclipse https://twitter.com/nwsseattle/status/889706124215058433,2.0
889712106811084800,soon eclipse eclipse2017 eclipse17 2017eclipse greatamericaneclipse hiawathaeclipse2017 hiawathaeclipse browncountyblackout .    Eclipse;Eclipse2017;Eclipse17;2017Eclipse;GreatAmericanEclipse;HiawathaEclipse2017;HiawathaEclipse;BrownCountyBlackout ,2.0
889713124009488384,termina una etapa en mi vida y empieza una nueva esta si que fue larga y lenta pero confio en mi confioenmi eclipse .    confioenmi;Eclipse ,2.0
889714297462562816,message collective 24 2017ascension dayoutoftime lionsgate eclipsehttpstcoyfrwqnggnx .    DayOutOfTime;LionsGate;EclipsehttpstcoyFRWQnggNx https://carolineoceanaryan.com/2017/07/24/a-message-to-lightworkers-july-24-2017/,2.0
889716867807535104,maxpetrucci steffen schulz eclipse marketing seo makeyourownlane . Steffen;Schulz;   MaxPetrucci;eclipse;marketing;seo;makeyourownlane https://goo.gl/fb/Nuy2b8,2.0
889716868264726528,dont hotel reservation solar eclipse view winery traveloregon .    eclipse;traveloregon http://ow.ly/VCI230bjYqA,2.0
889721720126525440,repost eclipsemicropencheer tas2017 team great tradeshow eclipse .    Repost;tas2017;tradeshow;eclipse https://www.instagram.com/p/BW9UdG6Hubg/,2.0
889722543191576576,turbo connect dsm eclipse cone intakemanifold intake birthday .    Dsm;Eclipse;Cone;IntakeManifold;Intake;Birthday https://www.instagram.com/p/BW9U0s-FB2Z/,2.0
889722595268022272,microsoft hdinsight tool intellij amp eclipse june update hdinsight azure cloud devop eclipse intellij .    Microsoft;HDInsight;Azure;Cloud;DevOps;Eclipse;IntelliJ https://azure.microsoft.com/en-us/blog/hdinsight-tools-for-intellij-eclipse-june-updates/,2.0
889723255325470720,oregonian cash greatamericaneclipse eclipse2017 eclipse .    greatamericaneclipse;Eclipse2017;Eclipse ,1.0
889728124790767616,maybe trip casper wy weekend august 20thor eclipse2017 eclipsetip eclipse stargazing .    Eclipse2017;EclipseTips;Eclipse;stargazing http://www.marketwatch.com/story/5-of-the-best-places-to-see-the-great-american-eclipse-on-aug-21-2017-07-24,1.0
889728340621262848,eclipse solar total del 21 agosto se podr ver en nicaragua pero slo en 30 el eclipse solar total se .    Eclipse;solar;Nicaragua http://fb.me/71hArDaXp,2.0
889728476470681600,eclipse solar total del 21 agosto se podr ver en nicaragua pero slo en 30 el eclipse solar total se .    Eclipse;solar;Nicaragua http://fb.me/u2lhM4bB,2.0
889733043388272641,ted fucking send lmaoo4g63 eclipse mitsubishi mitsubishiheavyindustry eagletalon gvr4 eagletalon american turbo hi . Ted;   eclipse;Mitsubishi;MitsubishiHeavyIndustries;EagleTalon;GVR4;eagletalon;American;turbo;hi ,2.0
889739955869630464,path august 21 2017 eclipse carringtonevent .    Eclipse;CarringtonEvent ,2.0
889742110630359040,think just decide son total eclipse road trip inspire childhood trip shuttle launch science eclipse .    science;Eclipse https://twitter.com/saunieindiego/status/889719206651904000,1.0
889742354030133248,buenos dasbuen martesbuena lecturas el 21 agosto habr eclipse que solo se ver .    eclipse https://www.instagram.com/p/BW9d1pHF8JO/,2.0
889746514796576769,sharliesnest eclipse month away just check place available .    SharliesNest;eclipse http://fb.me/1e6GsvEAh,2.0
889754500856250368,hour aug 21 2017 moon sun amp cast shadow usa eclipse .    moon;USA;eclipse http://53eig.ht/2gZ73e0,1.0
889768693416288256,america celebrate total solar eclipse august 21 2017 .    Eclipse http://buff.ly/2uvPa9R,2.0
889772208985329666,august 7 2017lunar eclipse sturgeon moonfullmoon astrology lunareclipse httpstcooccn0dumxk .    Eclipse;Sturgeon;Astrology;lunarEclipse https://www.magicalrecipesonline.com/2017/07/predictions-monday-7-august-2017-lunar-eclipse-sturgeon-full-moon.html,2.0
889774926772744192,le 21 aot clipse totale soleil visible aux tatsunismais pour la france sera aussus une clipse .    clipse;totale;soleil http://fb.me/4vd9YzIeb,2.0
889778690166595584,eclipse business make want papaw old welding hat like kid solar eclipse .    solar;eclipse ,2.0
889787031752146944,visual lint 604281 beenj release changelog eclipse atmel cplusplus codeanalysis .    Eclipse;Atmel;cplusplus;codeanalysis https://www.riverblade.co.uk/blog.php2017072501,2.0
889787548872126465,wear solar eclipse glass ceclipseglasses .    eclipse http://whenisthenexteclipse.com/solar-eclipse-glasses/,2.0
889797973223370752,today clipse note kydarkestday wave3new eclipsemore eclipse .    KYDarkestDay;wave3news;eclipseMore http://wave3.com,2.0
889797983637786624,today clipse note kydarkestday wave3new eclipsemore eclipse .    KYDarkestDay;wave3news;eclipseMore http://wave3.com,2.0
889802602786963456,exid eclipse .    EXID;ECLIPSE ,2.0
889803454494978052,eclipse vision eclipse sunglass wear .    eclipse ,1.0
889805950546214914,watch solar eclipse burning hole eyeball .    solar;eclipse http://www.huffingtonpost.com/entry/eclipse-safety_us_5976eddde4b0c95f375dfc31?ncid=engmodushpmg00000004,1.0
889808398572806144,comprehensive article hillary raimo betsy peerless intuitive matrix great american eclipse . Hillary;Raimo;Betsy;Peerless;   Eclipse http://fb.me/7O593SJRf,2.0
889809817979637761,githttpstcoxuni3wmzdqgit eclipse techpjin .    Eclipse;tech_pjin http://tech.pjin.jp/?s=git,2.0
889811277652123648,nasa want citizen scientist 2017 total solar eclipse .   NASA; Eclipse https://www.space.com/37604-nasa-citizen-scientist-solar-eclipse-app.html,2.0
889816251626917889,safely view photograph great american eclipse eclipse eye health protection sun .    eclipse;eyes;health;protection;sun http://buff.ly/2uPsWCe,2.0
889817637861163008,good morning sign petition news solar eclipse glynncounty sc science parent life like .    news;solar;eclipse;glynncounty;sc;science;parents;life;like http://thebrunswicknews.com/news/local_news/parents-request-schools-to-excuse-absences-for-total-solar-eclipse/article_9a7450ab-d694-508c-b5c4-0a723ea0bf88.html,2.0
889820045697798144,sevende marca mitsubishimodelo eclipse 2gao 1997transmisin sincronicomotor 20 lt turbo .    SeVende;MitsubishiModelo;Eclipse;1997Transmisin;SincronicoMotor http://ift.tt/2gZNVwo,2.0
889821936867565568,nasa want citizen scientist 2017 total solar eclipse .    NASA;Scientist;2017;Solar;Eclipse http://goo.gl/news/CQtBW?shr=t,2.0
889826412949012480,watch video ff plz askin qs thx u eclipse .    FFS;Eclipse ,2.0
889828612651847680,info need solar eclipse eclipse solar nasa .    eclipse;solar;NASA https://eclipse2017.nasa.gov,2.0
889828612676956160,info need solar eclipse eclipse solar nasa .    eclipse;solar;NASA https://eclipse2017.nasa.gov,2.0
889828612773474304,info need solar eclipse eclipse solar nasa .    eclipse;solar;NASA https://eclipse2017.nasa.gov,2.0
889828612806979585,info need solar eclipse eclipse solar nasa .    eclipse;solar;NASA https://eclipse2017.nasa.gov,2.0
889828914750685185,une clipse solaire visible sur timbre dun genre nouveau espace nasa tech .    clipse;timbre;espace;NASA;tech https://goo.gl/JXcvUD,2.0
889830679541940224,experience solar eclipse nashville usa .    Solar;Eclipse;USA https://www.daniellefarideh.com/!Experiencing-the-Solar-Eclipse-in-Nashville/q24pd/596bae866698271db75174ec,2.0
889833647506894848,safely photograph solar eclipse pro .    Photograph;Eclipse http://buff.ly/2uSmz12,2.0
889837062530232320,awesome encourage people site line totality thousand square kilometer available eclipse .    eclipse https://twitter.com/jannalevin/status/889822553035898882,2.0
889837169463906304,qnet eclipse sdk .    qnet;eclipse;sdk http://www.qnx.com/developers/docs/6.5.0/index.jsp?topic=%2Fcom.qnx.doc.neutrino_user_guide%2Fqnet.html,2.0
889837986707320832,go lookout eclipse .    eclipse http://ift.tt/2tUmyVJ,2.0
889838229977001984,go lookout eclipse .    eclipse http://ift.tt/2tUmyVJ,2.0
889838518381539328,go lookout eclipse .    eclipse http://ift.tt/2tUmyVJ,2.0
889838780949172225,im drive sc total eclipse soooo better .    eclipse https://goo.gl/J2t6Qc,2.0
889839373776109570,feel spark hey boy ive thinking loona loonafanart eclipse kimlip singingintherain jinsoul watercolour .    loona;loonafanart;eclipse;kimlip;singingintherain;jinsoul;watercolour ,2.0
889840227367387136,hometown list eclipse come way let know .    eclipse http://ow.ly/YarQ30dLFdV,2.0
889840412369838080,ready look eclipse 2017 august 21 tshirt amazon eclipse2017 science .   Amazon; Eclipse;Eclipse2017;science https://www.amazon.com/dp/B01N7Y2NJ3?th=1,1.0
889840803685830657,legit mittagimgur science flatearth earth moon lunareclipse eclipse mooneclipse astronomy .    science;flatearth;earth;moon;lunareclipse;eclipse;mooneclipse;astronomy;me http://ift.tt/2v40JIu,2.0
889841831151882240,advanced viewing technology deploy lincoln eclipse july 20 1963 eclipse2017 eclipseglass lnk nebraska oma .    eclipse;Eclipse2017;EclipseGlasses;LNK;Nebraska;OMA ,2.0
889842109427200000,military installation eclipse path active reserve retiree best private view america .    eclipse https://twitter.com/clearancejobs/status/888859860321923072,2.0
889842631995527168,enter win amazing giveaway eclipse theskimm ihopeiwinandyoudontthough .    eclipse;theskimm;ihopeiwinandyoudontthough https://goo.gl/J2t6Qc,2.0
889843647667154945,little neck idaho expect 500k visitor descend town 50k watch eclipse worsttrafficjamever eclipse .    WorstTrafficJamEver;Eclipse https://twitter.com/FiveThirtyEight/status/889841416410611712,2.0
889843998210371586,excited eclipse need remember thing .    Eclipse http://ht.ly/kjaF30dSLfr,2.0
889846708233879553,youre planning view eclipse august 22nd make sure buy ticket reputable vendor eclipse .    eclipse ,1.0
889846972617637888,biggest show summer wont require ticket httpstcob0rx734qpieclipse summer mama noaa .    Summer;MAMA;NOAA http://bit.ly/2vFJmL6,2.0
889847149600456704,mac os x el capitan10113eclipseneon phppdt eclipse mac neon el capitan .    eclipse;Mac;neon;El http://white-bear.info/archives/1822,2.0
889847474730524672,today perrycomo install eclipse sundial perryvillemo gettothepath missourieclipse2017 eclipse sundial .    PerryCoMo;PerryvilleMo;gettothepath;MissouriEclipse2017;eclipse;Sundial ,2.0
889847918546571266,lleg el da disfruta hoy nuestra charla instante en el universo todo sobre el eclipse sol 2017 te esperamo entrada libre . Entrada;Libre;   Eclipse;Sol ,2.0
889848518583607299,minecraft bluemix 2 docker eclipse minecraft minecraft bluemix docker eclipsehttpstco1hxxcehzlf .    Minecraft;Bluemix;Docker;Eclipsehttpstco1hXxcehZLf https://ibm.biz/BdrUJY,2.0
889851689527857152,eclipse usury .    ECLIPSE http://eclipsenow.net/2017/06/27/eclipse-usury/,2.0
889851691528572928,good marsday morning eclipse eclipseseason 7dc .    MarsDay;Eclipse;EclipseSeason;7DC ,2.0
889851988997001216,solar eclipse total sun usa 2017 tshirt eclipse science shop sale solalreclipse kid fashion .    Sun;eclipse;science;shop;sale;solalreclipse;kids;fashion http://amazon.com/dp/B073VD6N9J,2.0
889852035021115392,solar eclipse total sun usa 2017 tshirt eclipse science shop sale solalreclipse kid fashion .    Sun;eclipse;science;shop;sale;solalreclipse;kids;fashion http://amazon.com/dp/B073VD6N9J,2.0
889853160080134145,look eclipse directly special goggles marion health give away goggles august 10 oreclipse .   Marion;Co;Health; eclipse;OReclipse ,2.0
889853606266101760,eclipse newsletter summer issue eclipse .    Eclipse https://www.eclipse.org/community/eclipse_newsletter/2017/july/,2.0
889854523887562752,go exciting august light worker gate keeper gaia 5thdimension lionsgate eclipse .    5thdimension;lionsgate;eclipse ,2.0
889855733528973312,watch 2017 solar eclipse burning hole eyeball eclipse2017 2017solareclipse eclipse .    eclipse2017;2017solareclipse;eclipse http://www.huffingtonpost.com.mx/entry/eclipse-safety_us_5976eddde4b0c95f375dfc31,1.0
889855943864963073,eclipse newsletter summer issue eclipse .    Eclipse http://www.krachik.com/actualites/article/482073/Eclipse-Newsletter-Summer-Issue,2.0
889856160630812672,lunar eclipse spell boost enthusiasmmagic eclipsemagic lunareclipsehttpstconogfrl1uvj .    Eclipse;Spell;EnthusiasmMagic;EclipseMagic;LunarEclipsehttpstconOGFRL1uvJ https://www.magicalrecipesonline.com/2013/05/lunar-eclipse-spell-to-boost-your-enthusiasm.html,2.0
889856171628048384,just restock eclipse guide patch eclipse fever spreading make sure eye protection .    Eclipse ,2.0
889857249581182976,swri airborne telescope study sun amp mercury solar eclipsehttpstcofackfpdltn .    SwRI;Airborne;Telescopes;Sun;Mercury;EclipsehttpstcoFACKFpDlTn https://astrocometal.blogspot.it/2017/07/swri-airborne-telescopes-to-study-sun.html,2.0
889859702066036736,onceinacentury solar eclipse look like zip code eclipse2017 eclipse .    Eclipse2017;Eclipse http://digg.com/2017/solar-eclipse-zip-code?utm_source=digg&utm_medium=email,1.0
889860315193757696,solar eclipse come america here youll live .    eclipse https://www.vox.com/science-and-health/2017/7/25/16019892/solar-eclipse-2017-interactive-map?utm_campaign=vox&utm_content=entry&utm_medium=social&utm_source=twitter,2.0
889860526301483009,watch party oatio look freshly drain pilsner eclipse totaleclipseofkc .    eclipse;totaleclipseofKC https://twitter.com/kcstar/status/889859289204084737,2.0
889861378944761856,help sieger onstage allthatremain moonstock southernillinois eclipse supportlocalmusic . Sieger;   allthatremains;moonstock;southernillinois;eclipse;supportlocalmusic https://youtu.be/1qDhcvXONx4,2.0
889862526816493569,think little shop horror suddenly amp warn total eclipse sun .   Little;Shop;of;Horrors; eclipse https://twitter.com/saunieindiego/status/889832853512495104,2.0
889862624430759936,let say ppl drive 3 hr oncein375yr opportunity imagine red line smush gray eclipse .    Eclipse ,2.0
889862679510351873,newsletter total solar eclipse deal drone collision tsa behavior patrol hotel tighten cancellationpodcast .    Eclipse;Drone http://mailchi.mp/voyagereport/newsletter-big-difference-in-american-viral-video-air-marshal-forgets-gun-biz-travelers-riskiest-country-deal-alert-podcast-nomadic-couple-196603,2.0
889863193090248707,usps lanz estampilla conmemorativa del eclipse sol que se observar en eeuu en agosto .    Eclipse;EEUU http://ow.ly/O0ko30dTBRp,2.0
889863288938520579,youd like educate family eclipse hardin planetarium .    eclipse http://ow.ly/Rl6V30dTNCf,2.0
889863436343160832,learn enable gdb trace watch video tutorial nowhttpstcoja1ykyunqbeclipse gnu gdb debugging .   GDB; gnu;gdb;debugging http://bit.ly/2cELNat,2.0
889863719227936769,q do scammer amp solar eclipse common leave dark eclipse2017 eclipse tennessee .    Eclipse2017;Eclipse;Tennessee ,2.0
889863842351763458,total solar eclipse happen excitinghttpstcoabqxclttpj friendly atheist eclipse .    friendly;atheist;eclipse http://crwd.fr/2uqTWFr,2.0
889864741623136256,nasa want citizen scientist 2017 total solar eclipse eclipse2017 eclipse .   NASA; Eclipse2017;Eclipse https://shar.es/1T6B17,2.0
889865706266910720,rare august 2017 date paralyze america amp ready darkness video eclipse power emp .   Date;Paralyze;America;&;Are; eclipse;power;emp http://ow.ly/zpwl30dTOVJ,2.0
889865723480346627,nasa want citizen scientist 2017 total solar eclipse .    NASA;Citizen;Scientist;Total;Solar;Eclipse http://bit.ly/2uTICVa,1.0
889867207915827205,important info nasa regard eclipse eyecare httpstcob6oanny5xc .   NASA; eclipse;eyecare https://eclipse2017.nasa.gov/safety,2.0
889867402187612160,moon eclipse .    moon;eclipse https://www.budgettravel.com/slideshow/eclipse-slideshow,2.0
889870130179710981,total solar eclipse come united state best place view link .    solar;eclipse http://buff.ly/2v3dHpN,1.0
889870209452052481,sale soon 2fast2furious mitsubishus evolution amp mitsubishus eclipse spyder ejectoseatcuz include .    2fast2furious;Mitsubishi;evolution;Mitsubishi;eclipse;spyder;ejectoseatcuz http://fb.me/DT2QrPHI,2.0
889870503413940225,watch eclipse burn hole eyeball .    Eclipse http://www.huffingtonpost.com/entry/eclipse-safety_us_5976eddde4b0c95f375dfc31?ncid=inblnkushpmg00000009&utm_medium=email&utm_campaign=__TheMorningEmail__072517&utm_content=__TheMorningEmail__072517+CID_c9dd01f83b6f903b91c17653dc2b15ae&utm_source=Email%20marketing%20software&utm_term=without%20burning%20holes&ncid=newsltushpmgnews__TheMorningEmail__072517,2.0
889870515455787009,tryittuesday interactive eclipse map likelihood clear sky readyhttpstco9tyxqqb4l0 .    TryItTuesday;Eclipse http://ow.ly/oV8m30dTPUh,2.0
889871849605152768,join free painting event saturday 29th 11 painting art science eclipse star .    painting;art;science;eclipse;stars ,2.0
889873693412806656,ironic thingy white eclipse take bear ablack eclipse come soon skline near u eclipse2017 .    IRONIC;ECLIPSE;A;SKLINE;Eclipse2017 ,2.0
889874789611048960,scientist longer look aug 21 eclipse chasing moon shadow pair jet . Moon;   eclipse https://go.nasa.gov/2v59d1U,1.0
889874949627924482,nasasun scientist longer look aug 21 eclipse chasing moon shadow pair o. Moon;   eclipse https://twitter.com/i/web/status/889874789611048960,1.0
889876024237973504,improve spark job view job graph intellij eclipse .    Spark;IntelliJ;Eclipse http://bit.ly/2tWJGD5,2.0
889876466565042176,eclipse shut construction project aug 1822 .    eclipse;construction http://bit.ly/2uQRdro,2.0
889876467949215744,eclipse shut construction project aug 1822 .    eclipse;construction http://bit.ly/2uQRdro,2.0
889876781486014464,eclipse stuff right .    Eclipse https://twitter.com/dabeard/status/889852374822596609,2.0
889877691360522241,im really excited august 21st 2017 eclipse .    eclipse ,1.0
889877888484462596,sign indulge upcome eclipse call lunar eclipse aug21 lsd psychedelic psyber 1980 wiccan .    lunar;eclipse;aug21;lsd;psychedelic;psyber;1980;wiccan https://twitter.com/headsnews/status/889874565882621952,2.0
889877915021832193,le 21 aot prochain prparezvous une clipse soleil science eclipse usa aout .    sciences;eclipse;usa;aout http://www.buzger.com/fr/le-21-aout-prochain-preparez-vous-a-une-eclipse-de-soleil.html,2.0
889877922332332032,force moon shell 3 sculptor susan lowbeer almonte artcollector eclipse . Susan;Low-Beer;  Shell; 3;sculptor;almonte;artcollector;eclipse http://sivarulrasa.com/exhibitions/eclipse/,2.0
889878086728253440,august eclipse meditation love signal .    August;Eclipse;Meditation;Love;Signal https://youtu.be/WYZ_QuQ5xro,2.0
889878136976015360,nasa nasasun scientist longer look aug 21 eclipse chasing moon shadow . Moon;   eclipse https://twitter.com/i/web/status/889874789611048960,2.0
889878216835555328,prep eclipse information coverage oregon .    eclipse;Oregon http://ow.ly/aicg30dTPtI,2.0
889878246497636352,nasa nasasun scientist longer look aug 21 eclipse chasing moon shadow . Moon;  NASA; eclipse https://twitter.com/i/web/status/889874789611048960,1.0
889878320074108929,nasa nasasun scientist longer look aug 21 eclipse chasing moon shadow . Moon;  NASA; eclipse https://twitter.com/i/web/status/889874789611048960,1.0
889878366475739145,nasa nasasun scientist longer look aug 21 eclipse chasing moon shadow . Moon;  NASA; eclipse https://twitter.com/i/web/status/889874789611048960,1.0
889878384364449792,nasa nasasun scientist longer look aug 21 eclipse chasing moon shadow . Moon;  NASA; eclipse https://twitter.com/i/web/status/889874789611048960,1.0
889878495790325761,nasa nasasun scientist longer look aug 21 eclipse chasing moon shadow . Moon;  NASA; eclipse https://twitter.com/i/web/status/889874789611048960,1.0
889878541793361921,nasa nasasun scientist longer look aug 21 eclipse chasing moon shadow . Moon;  NASA; eclipse https://twitter.com/NASA/status/889877947284410368,1.0
889878643010408449,nasa nasasun scientist longer look aug 21 eclipse chasing moon shadow . Moon;  NASA; eclipse https://twitter.com/i/web/status/889874789611048960,1.0
889878725340389377,nasa nasasun scientist longer look aug 21 eclipse chasing moon shadow . Moon;  NASA; eclipse https://twitter.com/i/web/status/889874789611048960,1.0
889878798929448961,crazy special upcoming eclipse im just get .    eclipse ,2.0
889879979311460354,une clipse solaire visible sur timbre dun genre nouveau espace philatlie innovation .    clipse;timbre;espace;Philatlie;innovation http://goo.gl/JXcvUD,2.0
889881539068268544,today fact solar eclipse occur frequently world think eclipse .    eclipse ,2.0
889881606047096833,scientist longer look aug 21 eclipse chasing moon shadow pair jet . Moon;   eclipse ,1.0
889882676194418688,eclipse avgeek fun track wb57 reg n927na n928na ac type wb57 .    Eclipse;avgeek https://twitter.com/NASASun/status/889874789611048960,2.0
889882842242707456,improve update behavior amp bug fix eclipse profile w latest release try eclipseide .    Eclipse;EclipseIDE https://www.yatta.de/profiles/,2.0
