1001-911228774120751105,.,1.0
1001-911228994078380034,neil degrasse tyson nail .,1.0
1001-911230527251902465,today witness viewer treat wealth image highlight .,0.0
1001-911230826137845761,.,1.0
1001-911231546207518721,good .,1.0
1001-911234084222808064,httpstc .,1.0
1001-911234263890235392,honor today enjoy #solareclipse 2017 http .,0.0
1001-911237106885947393,apareci en el cielo una gran seal una mujer vestida del sol la luna debajo sus pie .,1.0
1001-911237728360054784,solar eclipse look pretty sky .,0.0
1001-911240111203000321,.,1.0
1001-911241912027435009,sfmoma staff take morning .,0.0
1001-911242334314082310,live coverage america tune .,0.0
1001-911243569536548864,wow catch mid flight breathtaking .,0.0
1001-911245748162973696,selfie eclipse .,0.0
1001-911250974618071040,wow catch mid flight breathtaking .,0.0
1001-911257239540912129,coolest thing ive experienced definitely worth 7 hour drive httpst .,0.0
1001-911257284151582727,solar eclipse look pretty sky .,0.0
1001-911258518279274496,yes god earth india creator universe .,1.0
1001-911259252165169153,latest single solar eclipse produce .,0.0
1001-911259426962763776,spirit universe .,0.0
1001-911259974046806017,ill just leave .,1.0
1001-911262363822821376,wow catch mid flight breathtaking .,0.0
1001-911264425297842176,bilim insanlarnn tarihin en byk gne tutulmas olarak tanmlad anlar kameraya byle yansd .,1.0
1001-911264963284684801,ha ha ha ive block sun make way moon .,0.0
1001-911267985125511169,.,1.0
1001-911269861912956929,.,1.0
1001-911270248917098497,cosmic ballet go .,0.0
1001-911270688949964806,.,1.0
1001-911276135866040320,stare directly .,0.0
1001-911277978671337472,amazing shot solar eclipse take white house .,0.0
1001-911277996656513024,safety .,0.0
1001-911279333049864200,wow catch mid flight breathtaking .,0.0
1001-911281516956782593,epic shot photo create photographer .,0.0
1001-911282371575529473,member watch tell use 50 r.,1.0
1001-911282823520190465,beautiful clear sky wyome excitement building .,0.0
1001-911284994970075136,right check livestream coverage crossroads .,0.0
1001-911285110279888896,beautiful shot breathtaking .,0.0
1001-911286317962670082,beautiful shot breathtaking .,0.0
1001-911288204581642241,peace chance #pigeongate #solareclipse 2017 war want http .,1.0
1001-911293497533231109,eclipse beautiful .,0.0
1001-911293642098257920,come enjoy .,1.0
1001-911294861327966209,ha ha ha ive block sun make way moon .,0.0
1001-911296999273533445,care look western sky .,0.0
1001-911297692688564224,happy boobclipse day cool ahead stare want #solareclipse 2017 h.,1.0
1001-911298087448043521,beautiful shot breathtaking .,0.0
1001-911298301806485505,donate glass astronomer border @awborg afford protect .,0.0
1001-911300141201723394,waituntil .,1.0
1001-911301314054733825,today moon block sunbut didnt block camera check image .,0.0
1001-911302903180095488,protect eye especially today .,0.0
1001-911305133568425984,beautiful shot breathtaking .,0.0
1001-911305951428399105,.,1.0
1001-911307261447933954,live stream fl .,0.0
1001-911307298315866112,alien box fort tomorrow video morning .,0.0
1001-911308935113650176,solar eclipse look pretty sky .,0.0
1001-911312447516033024,learn w.,0.0
1001-911312511311515648,elgl50 learn govlovepodcast w cityofcorvallis bentoncogov .,0.0
1001-911312891852218368,live w.,0.0
1001-911314560786812928,.,1.0
1001-911314988345757696,elgl50 live w cityofmadras cityofcorvallis bentoncogov .,0.0
1001-911317700349009920,im watch xxxxus .,1.0
1001-911318223743746048,beautiful shot breathtaking .,0.0
1001-911318897378201600,im watch xxxxus .,1.0
1001-911319579355340801,wow catch mid flight breathtaking .,0.0
1001-911320208069070848,highland helena lake ranch bc canada .,0.0
1001-911321694584762368,live w.,1.0
1001-911322127894286336,wow catch mid flight amazing .,0.0
1001-911323464660688896,spirit universe .,1.0
1001-911323671888764928,live w.,0.0
1001-911324003544875008,spirit universe .,1.0
1001-911324031890198528,learn w http .,0.0
1001-911325425657372672,beautiful shot breathtaking .,0.0
1001-911326966808276994,view 2017 .,0.0
1001-911326986722619392,bc hella cool pop6k airport 25k car 425 plane land 821 incl zuckerberg .,0.0
1001-911327790770851840,donald trump bear june 14 1946 lunar eclipse .,1.0
1001-911328047390916609,donald trump bear june 14 1946 lunar eclipse .,1.0
1001-911329019521585153,donald trump bear june 14 1946 lunar eclipse .,1.0
1001-911332108819402752,exciting event stare stunning body .,1.0
1001-911332395751796736,get pull warn pass bus r stevie moore retweet today .,1.0
1001-911332503474057216,exciting event stare stunning body .,1.0
1001-911332551809216513,en 1973 concorde chassait une clipse solaire totale pendant 74min record ingal http .,1.0
1001-911334195284279296,hunt eclipse .,0.0
1001-911337688720138241,ha ha ha ive block sun make way moon .,0.0
1001-911340245328777216,do do send picture question use http .,0.0
1001-911340527437611013,timelapse truly remarkable .,0.0
1001-911341055928340480,beautiful shot breathtaking .,0.0
1001-911348566265868289,solar eclipse look pretty sky .,0.0
1001-911350231400300544,finally get solar eclipse photo .,0.0
1001-911351407000870912,foot traffic drastically change datum prove .,0.0
1001-911357015485767680,marriottrewards good day .,1.0
1001-911358365976186880,real reason have solar eclipse today .,0.0
1001-911358711100317697,fake news tell donald trump look sun show .,0.0
1001-911359196653699073,hell yeah totality .,0.0
1001-911362518060343296,hell yeah totality .,0.0
1001-911363192554688512,get right tonight .,0.0
1001-911364311033040901,wow catch mid flight breathtaking .,0.0
1001-911367065663152128,wow catch mid flight breathtaking .,0.0
1001-911367259955843073,wow .,0.0
1001-911367301911449601,come onnnnnn .,0.0
1001-911368801161158657,wow catch mid flight breathtaking .,0.0
1001-911368923504828416,wow catch mid flight breathtaking .,0.0
1004-899701583734341636,grammy take parker pond .,0.0
1004-899701587030941697,turn bright eye .,0.0
1004-899701611278213123,eclipse glass .,0.0
1004-899701623605387265,.,1.0
1004-899701635428917249,ready eclipse beer bottle .,0.0
1004-899701658061594627,ok think im ready thing double bagging .,0.0
1004-899701659357630470,.,1.0
1004-899701673307844610,reason love solar eclipse nice cool outside .,0.0
1004-899701688247885824,path totality google map traffic look jam .,0.0
1004-899701701988552704,there say total eclipse sun .,0.0
1004-899701703880171520,sure just fine contact .,0.0
1004-899701716601491456,eclipse glass .,0.0
1004-899701719273222145,10 minute til totality ready .,0.0
1004-899701727431208960,cloud ftw .,0.0
1004-899701734704115712,there say total eclipse sun .,0.0
1004-899701759073017856,album drop month .,1.0
1004-899701772465434628,professor get ready .,0.0
1004-899701773568495616,mo ready .,0.0
1004-899701776982708226,grammy take parker pond httpstco .,0.0
1004-899701777406337024,.,1.0
1004-899701791205588992,dont oberyn fan .,1.0
1004-899701792400973829,theres dragonfly smack slide glass door wonder forget #solareclipse 2017 .,0.0
1004-899701802064519169,.,1.0
1004-899701804140699650,eclipse pretty cool do watch .,0.0
1004-899701811485040640,score someone eclipse sunglass feelin 3d movie .,0.0
1004-899701815532498945,share stranger abandon lot highway that .,0.0
1004-899701839762829312,hey need gently use ill access million 3pm today hit u.,0.0
1004-899701884239400963,hope yall great weekendi get try .,0.0
1004-899701886038806532,.,1.0
1004-899701920520052737,view .,0.0
1004-899701940006924290,there say total eclipse sun .,0.0
1004-899701957019021312,there say total eclipse sun .,0.0
1004-899701959539646465,eclipse glass .,0.0
1004-899701959657127937,armpit growth unimpressed .,0.0
1004-899701964920954880,dont oberyn fan .,1.0
1004-899701969857675266,there say total eclipse sun .,0.0
1004-899701980624375808,eclipsewatch saskatchewan science centre regina .,0.0
1004-899701984969797632,.,1.0
1004-899701993052164096,happen cool .,0.0
1004-899702014044667904,eclipse glass .,0.0
1004-899702020617240576,.,1.0
1004-899702023976648704,athen georgium .,1.0
1004-899702024547307521,just do make look like filter .,0.0
1004-899702032910622721,problem .,0.0
1004-899702055295741956,share #eclipse 2017 .,0.0
1004-899702058475028483,hope enjoy picture eclipse corona take .,0.0
1004-899702060739964928,word caution dont wear youre look sun .,0.0
1004-899702084035121154,share rooftop 400 n capitol dc there hope .,0.0
1004-899702086832672770,wow museum aviation robin afb .,0.0
1004-899702112052944899,eclipse glass .,0.0
1004-899702128024932355,dont bogart glass .,0.0
1004-899702130696761348,dont oberyn fan .,1.0
1004-899702156760109057,thank .,0.0
1004-899702157083123713,.,1.0
1004-899702177643589633,manage accidentally look sun like 5 time .,0.0
1004-899702179505860609,warby parker .,0.0
1004-899702184593502209,problem tree leave hand work pinhole camera project crescent sun .,0.0
1004-899702211084775424,partial shot phone .,0.0
1004-899702219515334657,.,0.0
1004-899702223713832960,eclipse glass .,0.0
1004-899702226137956352,eclipse glass .,0.0
1004-899702233675296768,eclipse glass .,0.0
1004-899702265409306624,blind watch eclipse work ask friend .,0.0
1004-899702265841373185,.,1.0
1004-899702268030836736,wait 99 year cloud .,0.0
1004-899702280538214401,eclipse 2017 .,0.0
1004-899702285227483136,hahaha .,1.0
1004-899702307444674560,word caution dont wear youre look sun .,0.0
1004-899702316823085056,.,1.0
1004-899702348074844161,there say total eclipse sun .,0.0
1004-899702378705944576,look directly sun .,0.0
1004-899702382463918081,theres just little notch leave pretty history fun .,0.0
1004-899702382493388800,chloe interested wear .,0.0
1004-899702383504216066,.,1.0
1004-899702388402946048,ustede viendo el eclipse .,1.0
1004-899702399023157249,there say total eclipse sun .,0.0
1004-899702403221643265,cool arlington virginia .,0.0
1004-899702411513786373,word caution dont wear youre look sun .,0.0
1004-899702422523609089,eclipsewatch saskatchewan science centre regina .,0.0
1004-899702434142015489,there say total eclipse sun .,0.0
1004-899702439955320833,hey need gently use ill access million 3pm today hit u.,0.0
1004-899702452064317440,there say total eclipse sun .,0.0
1004-899702459358171136,today great day pinkeye .,0.0
1004-899702465452535809,catch glass .,0.0
1004-899702493348732928,thank ill tune 821 .,0.0
1004-899702501825536004,.,1.0
1004-899702504513912832,there say total eclipse sun .,0.0
1004-899702513527660544,there say total eclipse sun .,0.0
1004-899702540471861248,apparently trend hashtag typo .,0.0
1004-899702544167043072,.,1.0
1004-899702550030667781,wonder goofy ass cereal box .,0.0
1004-899702552190693376,there say total eclipse sun .,0.0
1004-899702561686638594,start .,0.0
1004-899702564169691136,folk boston corner pass ok walk say hey man hit lens .,0.0
1004-899702565130186752,get eclipse kit complete black cupcake .,0.0
1004-899702584734212096,.,0.0
1004-899702594783850497,lleg el gran da .,1.0
1004-899702597380055040,dont oberyn fan .,1.0
1004-899702606632689665,there say total eclipse sun .,0.0
1004-899702609187090432,gafa especiale para ver el eclipse se vendieron en como pan caliente en muchas tiendas se agotaron #solareclipse .,1.0
1004-908871521631899648,smart ppl wear .,0.0
1004-908876941016608768,.,1.0
1004-908905863540346880,fuck awesome space awesome .,0.0
1004-909048896688672768,eclipse glass .,0.0
1004-909049181385494528,dont best option builder office .,0.0
1004-909069649177870339,havent throw eclipse glass second life donate .,0.0
1004-909260866327011328,happy eclipse day .,0.0
1004-909429251148963840,dont best option builder office .,0.0
1004-909499747840360448,eclipse glass click .,0.0
1004-909757612995919873,know need right .,0.0
1004-909797613817483264,stare directly page 9 necessary .,0.0
1004-909798558991130624,.,1.0
1004-909855441588383744,eclipse glass fail meet safety standard .,0.0
1004-909878750216687616,matter wear come look like marty mcfly idiot son bttf2 .,0.0
1004-909909681019195392,thing just beautiful miss bigbswing .,0.0
1004-909961306173734912,want day need .,1.0
1004-910103969841729536,need morning .,0.0
1004-910172743227920384,use undamaged indefinitely read latest blog update .,0.0
1004-910307330390204417,.,1.0
1004-910390449633767424,just eclipse glass whoa .,0.0
1004-910763104845344768,ready .,0.0
1004-910969198343487490,view w projection lamp blind .,0.0
1004-911027633986707457,better nick .,0.0
1004-911372461664595968,mo u havent refund payment 4 bad wow bad u sell begin .,0.0
1004-911604110436163584,d u look available store pm inquiry .,0.0
1004-911692270939852801,million american tomorrow witness dont forget .,0.0
1004-911715881947926529,refund bogus sell month ago order 4891793323081 report pl refund .,0.0
1004-911717343214043136,1 think angrier selling bad damage eye permanently email 3 day be4 .,0.0
1004-911898737554882560,there say total eclipse sun .,0.0
1004-912021558922743809,send 150 pair use south american village .,0.0
1004-912271080575946752,hong kong .,0.0
1004-912305146536787968,send 150 pair use south american village .,0.0
1004-912343171832602624,hold donate hendrick elementary 4th grade class .,0.0
1004-912378440556339206,do littleton eyeglass retailer hand faulty eclipse glass .,0.0
1004-912386995833442305,2nd chance b collect glass 2 samer asia school 4 eclipse19 info comingdont .,0.0
1004-913813296519802881,michigan university launch plastic program .,0.0
1004-914179641858035712,resign do movie .,1.0
1004-914225034813620224,think theyll b run like want 2 create fun .,0.0
1004-914358582778499072,dont best option builder office .,0.0
1004-914671262923976705,need space .,0.0
1004-914842994888577025,dont best option builder office .,0.0
1004-916063857424166913,ready .,0.0
1004-916150889802473472,there say total eclipse sun .,0.0
1004-916162108743700480,stare contest sun .,0.0
1004-916216317220474885,harbor beach michigan .,0.0
1004-916316149855522817,get new life world .,0.0
1004-916317843515478016,get new life world .,0.0
1004-916330432458907648,get new life world .,0.0
1004-916334927712362496,get new life world .,0.0
1004-916401178874802176,check anyoldiron stunning .,1.0
1005-908857818131910656,happy newweek tweetheart .,1.0
1005-908891274203291648,join life respond project help document s animal respond easy http .,0.0
1005-908891474896539649,prep upcome 821@slate feature view solar eclipse vid httpstc .,0.0
1005-909121085089697792,total solar eclipse 2017 canon7d .,0.0
1005-909137313212530691,check video shot totality new padcaster verse come soon .,0.0
1005-909137616146173952,check video shot totality new padcaster verse come soon httpst .,0.0
1005-909140696451358721,check video shot totality new padcaster verse come soon httpst .,0.0
1005-909255185549099008,happy newweek tweetheart .,1.0
1005-909546783021309952,happy newweek tweetheart .,1.0
1005-909553777430220802,happy newweek tweetheart .,1.0
1005-909608146099933184,totality salem .,0.0
1005-909822829985767425,didnt make check footage shot totality padcaster verse .,0.0
1005-909823192931463168,didnt make check footage shot totality padcaster verse httpst .,0.0
1005-909826211672723457,didnt make check footage shot totality padcaster verse httpst .,0.0
1005-909826371429502977,didnt make check footage shot totality padcaster verse httpst .,0.0
1005-909847960359403520,total solar eclipse watercolor colorful digital faux gold tshirt woman man .,0.0
1005-909848475797475328,total solar eclipse watercolor colorful digital faux gold tshirt woman man ht .,0.0
1005-909849786777526273,total solar eclipse watercolor colorful digital faux gold tshirt woman man ht .,0.0
1005-909850263875354624,total solar eclipse watercolor colorful digital faux gold tshirt woman man ht .,1.0
1005-909851267517812736,total solar eclipse watercolor colorful digital faux gold tshirt woman man ht .,0.0
1005-909851447826817024,total solar eclipse watercolor colorful digital faux gold tshirt woman man ht .,0.0
1005-909852413087174656,total solar eclipse watercolor colorful digital faux gold tshirt woman man ht .,0.0
1005-909852969255960576,total solar eclipse watercolor colorful digital faux gold tshirt woman man ht .,0.0
1005-909853884318806018,total solar eclipse watercolor colorful digital faux gold tshirt woman man ht .,0.0
1005-910014428824797184,didnt make check footage shot totality padcaster verse httpst .,0.0
1005-910014616222154752,sneak peak padcaster verse check video shot totality padcaster verse httpst .,0.0
1005-910204871755911168,sneak peak verse shot totality padcaster verse .,0.0
1005-910224601606688769,didnt make check footage shot totality padcaster verse .,0.0
1005-910225622953316353,didnt make check footage shot totality padcaster verse httpst .,0.0
1005-910228231919472640,sneak peak verse shot totality padcaster verse http .,0.0
1005-910228581040705536,didnt make check footage shot totality padcaster verse httpst .,0.0
1005-910241617457451008,september fury 2 week 4 month .,1.0
1005-910249163580952577,check video shot totality verse come soon .,0.0
1005-910249926126424064,check video shot totality verse come soon httpstc .,0.0
1005-910264001103384576,check video shot totality verse come soon httpstc .,0.0
1005-910267045861830657,didnt make check footage shot totality padcaster verse httpst .,0.0
1005-910267831484391424,sneak peak padcaster verse check video shot totality padcaster verse httpst .,0.0
1005-910337479961608193,sneak peak verse shot totality padcaster verse http .,0.0
1005-910337498202673152,didnt make check footage shot totality padcaster verse httpst .,0.0
1005-910368675454226433,happy newweek tweetheart .,1.0
1005-910370139283054592,237pm coolest thing ive see .,0.0
1005-910486409370263552,big corona .,0.0
1005-910486446418653184,big corona .,0.0
1005-910490808410939394,start .,1.0
1005-910574613352108032,word feel see .,0.0
1005-910575482487402497,word feel see .,0.0
1005-910588156348571648,total eclipse 1 month ago like yesterday .,0.0
1005-910588628031688704,total eclipse 1 month ago like yesterday .,0.0
1005-910593913945153536,sneak peak verse shot totality padcaster verse http .,0.0
1005-910626069983760386,wasnt eclipse planet cross covered disk .,0.0
1005-910627073047367681,wasnt eclipse planet cross covered disk .,0.0
1005-910680588155154432,wasnt eclipse planet cross covered disk .,0.0
1005-910685763062317056,happy newweek tweetheart .,1.0
1005-910777484488126466,happy newweek tweetheart .,1.0
1005-910810761714319361,happy newweek tweetheart .,1.0
1005-910813805977886720,happy newweek tweetheart .,1.0
1005-910860343571750912,happy newweek tweetheart .,1.0
1005-910880014895386624,happen .,0.0
1005-910880821971750912,16 million people come view spending 269 million .,0.0
1005-910881850075295745,16 million people come view spending 269 million .,0.0
1005-910894438326718466,1 month ago cloudy photography service capture different phase totality .,0.0
1005-910894971858964480,1 month ago cloudy photography service capture different phase .,0.0
1005-910894990892691456,1 month ago cloudy photography service capture different phase .,0.0
1005-910897090032697344,1 month ago cloudy photography service capture different phase .,0.0
1005-910911427531169792,1 month ago cloudy photography service capture different phase .,0.0
1005-910914489977057280,1 month ago cloudy photography service capture different phase .,0.0
1005-910918011233513472,didnt make check footage shot totality padcaster verse httpst .,0.0
1005-910933171147026432,1 month ago cloudy photography service capture different phase .,0.0
1005-910934253009072128,throwback .,0.0
1005-910934423583035396,throwback .,0.0
1005-910994287424425985,1 month ago cloudy photography service capture different phase .,0.0
1005-911110007873142784,happy newweek tweetheart .,1.0
1005-911274142321795074,head tn month catch stop great smokey mountain check blog .,0.0
1005-911274248164999168,head tn month catch stop great smokey mountain check blog .,0.0
1005-911292079673708544,.,1.0
1005-911292443764674561,.,1.0
1005-911337948624379904,totality salem .,0.0
1005-913464986747510789,provide unique opportunity see source space weather naked eye http .,0.0
1005-913466313569423361,provide unique opportunity see source space weather naked eye http .,0.0
1005-913474681520267264,provide unique opportunity see source space weather naked eye http .,0.0
1005-913479664219426818,provide unique opportunity see source space weather naked eye http .,0.0
1005-913484412062453761,provide unique opportunity see source space weather naked eye http .,0.0
1005-913486097199632389,provide unique opportunity see source space weather naked eye http .,0.0
1005-913489996031676416,provide unique opportunity see source space weather naked eye http .,0.0
1005-913499684278222848,provide unique opportunity see source space weather naked eye http .,0.0
1005-913501394186981376,provide unique opportunity see source space weather naked eye http .,0.0
1005-913530428253986817,provide unique opportunity see source space weather naked eye http .,0.0
1005-913535323438645249,sneak peak padcaster verse action video shot padcaster verse httpstco .,0.0
1005-913552705636909060,provide unique opportunity see source space weather naked eye http .,0.0
1005-913571095957061632,provide unique opportunity see source space weather naked eye http .,0.0
1005-913575353305591809,provide unique opportunity see source space weather naked eye http .,0.0
1005-913598085682561025,provide unique opportunity see source space weather naked eye http .,0.0
1005-913624965022453760,provide unique opportunity see source space weather naked eye http .,0.0
1005-913667779928006656,provide unique opportunity see source space weather naked eye http .,0.0
1005-913691781430161408,provide unique opportunity see source space weather naked eye http .,0.0
1005-913692810980839429,provide unique opportunity see source space weather naked eye http .,0.0
1005-913700594287808513,provide unique opportunity see source space weather naked eye http .,0.0
1005-913758789098237952,provide unique opportunity see source space weather naked eye http .,0.0
1005-913781448565501953,provide unique opportunity see source space weather naked eye http .,0.0
1005-913792823194877954,provide unique opportunity see source space weather naked eye http .,0.0
995-890035566258962432,scientist longer look aug 21 chasing moon shadow pair jet httpst .,0.0
995-890037960401444864,scientist longer look aug 21 chasing moon shadow pair jet httpst .,0.0
995-890038172431896576,scientist longer look aug 21 chasing moon shadow pair jet httpst .,0.0
995-890038340560408580,scientist longer look aug 21 chasing moon shadow pair jet httpst .,0.0
995-890038946503180288,java eclipse neon .,1.0
995-890039088480477185,accord 14 mile get total luck lura wont working .,0.0
995-890039167299792896,.,0.0
995-890039463300038659,flat earther say like 2d cosmic lid parallel sun round head .,0.0
995-890039807891591169,scientist longer look aug 21 chasing moon shadow pair jet httpst .,0.0
995-890039981993066497,flat earther say like 2d cosmic lid parallel sun round .,0.0
995-890042525725151233,la oscuridad del en dejar producir ms 9000 megavatio que generan panele solare .,1.0
995-890042859486720000,look directly special goggles marion health give away goggles august 10 h.,0.0
995-890043859291430912,smartbear join group put fabric model github asaservice gain steam http .,1.0
995-890043993941266434,scientist longer look aug 21 chasing moon shadow pair jet httpst .,0.0
995-890044118818148352,flat earther say like 2d cosmic lid parallel sun round .,0.0
995-890044141790429185,total solar eclipse come august year .,0.0
995-890044237022089216,scientist longer look aug 21 chasing moon shadow pair jet httpst .,0.0
995-890045341109714944,scientist longer look aug 21 chasing moon shadow pair jet httpst .,0.0
995-890045962634317824,whoa 61 partial 93 partial eclipse fredonia k .,0.0
995-890046515145822208,flat earther say like 2d cosmic lid parallel sun round .,0.0
995-890046980029808640,scientist longer look aug 21 chasing moon shadow pair jet httpst .,0.0
995-890047295416287232,811228822 .,1.0
995-890048868045529089,start simple application base specification .,1.0
995-890049550970490880,solar eclipse come america here youll live .,0.0
995-890049780080025602,idaho fall direct path room availability http .,0.0
995-890049815794601986,.,0.0
995-890050301759303680,rare august 2017 date paralyze america ready darkness video .,1.0
995-890051033488965632,scientist longer look aug 21 chasing moon shadow pair jet httpst .,0.0
995-890051674873761792,people call statement warn read .,0.0
995-890051986867068930,scientist longer look aug 21 chasing moon shadow pair jet httpst .,0.0
995-890052087048003585,total dance partner moon sun earth learn moon role httpstco .,0.0
995-890052119025373191,unconditioned trapped condition like .,0.0
995-890052995001585664,.,1.0
995-890053666840788993,scientist longer look aug 21 chasing moon shadow pair jet httpst .,0.0
995-890054492040855552,scientist longer look aug 21 chasing moon shadow pair jet httpst .,0.0
995-890054721309900800,advanced viewing technology deploy lincoln july 20 1963 .,0.0
995-890054826134040580,flat earther say like 2d cosmic lid parallel sun round .,0.0
995-890055528533172228,scientist longer look aug 21 chasing moon shadow pair jet httpst .,0.0
995-890056199017824256,start simple application base specification .,1.0
995-890056404261797888,scientist longer look aug 21 chasing moon shadow pair jet httpst .,0.0
995-890057226546708481,scientist longer look aug 21 chasing moon shadow pair jet httpst .,0.0
995-890057603195314177,flat earther say like 2d cosmic lid parallel sun round .,0.0
995-890058314746388481,scientist longer look aug 21 chasing moon shadow pair jet httpst .,0.0
995-890059113224441861,remember glance north america month .,0.0
995-890059308989382656,omm este sbado en ceballos en la cede del eclipse feat bus en la telefnica grati programate mofayista .,1.0
995-890059615609782272,scientist longer look aug 21 chasing moon shadow pair jet httpst .,0.0
995-890059686371876865,scientist longer look aug 21 chasing moon shadow pair jet httpst .,0.0
995-890059706198364161,flat earther say like 2d cosmic lid parallel sun round .,0.0
995-890059712963768320,flat earther say like 2d cosmic lid parallel sun round .,0.0
995-890060515191345152,expect ur feel 2b extra gear 4 eclipse b lookout 4 theme attention versus intention .,0.0
995-890061483899408385,el 21 agosto ser el da en que el gran solar americano tenga lugar hicimos la para admirarlo http .,1.0
995-890061811495587840,scientist longer look aug 21 chasing moon shadow pair jet httpst .,0.0
995-890061862523592704,solar eclipse come america here youll live zip .,0.0
995-890062450585989122,flat earther say like 2d cosmic lid parallel sun round .,0.0
995-890062613517926400,pint post villalba general urquiza distrito federal .,1.0
995-890065328138592257,.,1.0
995-890065357800697856,me trabajo y puedo hacerle una corona al debo buscar algo nuevo .,1.0
995-890065567444611072,flat earther say like 2d cosmic lid parallel sun round .,0.0
995-890065881832849408,scientist longer look aug 21 chasing moon shadow pair jet httpst .,0.0
995-890066388966035456,glass arrive just pick rooftop .,0.0
995-890066522353303553,811228822 .,1.0
995-890066809205948418,scientist longer look aug 21 chasing moon shadow pair jet httpst .,0.0
995-890067582929297409,start simple application base specification .,1.0
995-890067744296710148,scientist longer look aug 21 chasing moon shadow pair jet httpst .,0.0
995-890067993086001153,scientist longer look aug 21 chasing moon shadow pair jet httpst .,0.0
995-890068014078590976,.,1.0
995-890069071672352773,scientist longer look aug 21 chasing moon shadow pair jet httpst .,0.0
995-890069251595390981,scientist longer look aug 21 chasing moon shadow pair jet httpst .,0.0
995-890069367735582720,scientist longer look aug 21 chasing moon shadow pair jet httpst .,0.0
995-890070407088418816,scientist longer look aug 21 chasing moon shadow pair jet httpst .,0.0
995-890070517998383106,scientist longer look aug 21 chasing moon shadow pair jet httpst .,0.0
995-890070611556532225,sun come solar class event .,0.0
995-890070685636321280,scientist longer look aug 21 chasing moon shadow pair jet httpst .,0.0
995-890070883699761152,flat earther say like 2d cosmic lid parallel sun round .,0.0
995-890071477910941696,scientist longer look aug 21 chasing moon shadow pair jet httpst .,0.0
995-890073608692924416,scientist longer look aug 21 chasing moon shadow pair jet httpst .,0.0
995-890073907092492288,scientist longer look aug 21 chasing moon shadow pair jet httpst .,0.0
995-890074333162459137,what best way view great american eclipsehttpstcopokznstdue .,0.0
995-890074834897645568,total dance partner moon sun earth learn moon role httpstco .,0.0
995-890075417792696320,total dance partner moon sun earth learn moon role httpstco .,0.0
995-890076184146567168,come .,1.0
995-890076204971241472,scientist longer look aug 21 chasing moon shadow pair jet httpst .,0.0
995-890076639962464257,solar come heres youll live .,0.0
995-890076678692765696,scientist longer look aug 21 chasing moon shadow pair jet httpst .,0.0
995-890076889120952320,scientist longer look aug 21 chasing moon shadow pair jet httpst .,0.0
995-890077639162998784,know upcome rental package available help http .,0.0
995-890077732989792256,start simple application base specification .,1.0
995-890077962418212865,scientist longer look aug 21 chasing moon shadow pair jet httpst .,0.0
995-890079506634907648,come america here youll live .,0.0
995-890079629893136385,start simple application base specification .,1.0
995-890079766933590016,that come sun tune sun eclipse moon .,0.0
995-890080401753907200,military installation path active reserve retiree best private view .,0.0
995-890080865857961984,scientist longer look aug 21 chasing moon shadow pair jet httpst .,0.0
995-890081632404877312,git .,1.0
995-890081967575777280,draw 14 year ago .,1.0
995-890082507097427969,scientist longer look aug 21 chasing moon shadow pair jet httpst .,0.0
995-890084006838009856,811228822 .,1.0
995-890084269594480640,thank share best beautiful take today .,0.0
995-890084419175927809,new projective editing convinced esp target c.,1.0
995-890084435139452928,do think bs ive see eclipse eye ht .,0.0
995-890086308911230977,scientist longer look aug 21 chasing moon shadow pair jet httpst .,0.0
995-890086530441785349,scientist longer look aug 21 chasing moon shadow pair jet httpst .,0.0
995-890087469332533249,scientist longer look aug 21 chasing moon shadow pair jet httpst .,0.0
995-890088550791774209,airbnb say folk head oregon 41 state 26 country .,0.0
995-890088723391578112,2003 wasp racing coilover just set car .,1.0
995-890089159905488896,start simple application base specification .,1.0
995-890089320417243136,y aqu tienen en algn momento del da la y el se fusionaran .,1.0
995-890089607722872833,improve update behavior bug fix profile w latest release try .,1.0
995-890089737654022146,start simple application base specification .,1.0
995-890091191072681986,scientist longer look aug 21 chasing moon shadow pair jet httpst .,0.0
995-890091255908237313,follow twitter local .,0.0
995-890092598500655104,event mustsee u path totality morning 82117 .,0.0
995-890096291962814464,.,1.0
995-890098550570397696,scientist longer look aug 21 chasing moon shadow pair jet httpst .,0.0
995-890099084169814016,total dance partner moon sun earth learn moon role httpstco .,0.0
995-890099340429193216,total look like .,0.0
995-890102431706742784,comfy chair bbq deck go 96 im gon na good .,0.0
995-890102481086283776,scientist longer look aug 21 chasing moon shadow pair jet httpst .,0.0
995-890102847823650816,typical just im go yellowstone national park hit 1400 earthquake week .,0.0
995-890104436625899520,scientist longer look aug 21 chasing moon shadow pair jet httpst .,0.0
995-890104574274654210,improve update behavior bug fix profile w latest release try .,1.0
995-890104863983587328,scientist longer look aug 21 chasing moon shadow pair jet httpst .,0.0
995-890106395969933312,scientist longer look aug 21 chasing moon shadow pair jet httpst .,0.0
995-890106790221926400,scientist longer look aug 21 chasing moon shadow pair jet httpst .,0.0
995-890107182267727872,java eclipse neon .,1.0
995-890107299276230658,eclipse tell method undefined clearly define project .,1.0
995-890107903511756802,gr8 audience night lunchtime publisher hear .,1.0
995-890108146886348801,scientist longer look aug 21 chasing moon shadow pair jet httpst .,0.0
995-890108497869897735,gr8 question night sky colour beneath moon shadow ask pl contact answer .,0.0
995-890108723313750018,go cancel e2 information great .,1.0
995-890109766495866880,get 16 ready drop mail end see totality totally worth .,0.0
995-890111665676722177,concept far year july 2017 httpst .,1.0
995-890112431682441216,scientist longer look aug 21 chasing moon shadow pair jet httpst .,0.0
995-890112715179642880,america celebrate total solar august 21 2017 .,0.0
995-890113242986676224,scientist longer look aug 21 chasing moon shadow pair jet httpst .,0.0
995-890115536369176577,el 21 agosto tendr lugar te lo pierdas y este vdeo aprende mucho ms sobre el .,1.0
995-890116061772775424,scientist longer look aug 21 chasing moon shadow pair jet httpst .,0.0
995-890116452233162752,solar eclipse 8212017 shirt .,0.0
995-890116940290772993,scientist longer look aug 21 chasing moon shadow pair jet httpst .,0.0
995-890117176094597125,total solar eclipse 8212017 shirt .,0.0
995-890118031329951744,scientist longer look aug 21 chasing moon shadow pair jet httpst .,0.0
995-890119505153855488,quin rescatar quin .,1.0
995-890120727369797632,.,1.0
995-890121749144227840,scientist longer look aug 21 chasing moon shadow pair jet httpst .,0.0
995-890121788541333505,safely solar pro .,0.0
995-890122061728935938,plus 30 blade tooth geometry design 30 faster cut .,1.0
995-890122523467284482,touch taste feel .,1.0
995-890123114880937984,start simple application base specification .,1.0
995-890123334167515136,scientist longer look aug 21 chasing moon shadow pair jet httpst .,0.0
